user_id,age,gender,city
1,29,female,williamshaven
2,48,male,hullport
3,56,male,brandyborough
4,33,male,west donald
5,27,female,vanessaside
6,54,female,west corey
7,22,female,thomasville
8,38,female,stewartborough
9,43,male,ramoshaven
10,55,female,port samanthatown
11,52,male,pagetown
12,52,female,claytonmouth
13,35,male,janeland
14,29,female,east linda
15,22,female,davismouth
16,32,male,rodriguezside
17,30,male,new marvinside
18,40,female,seanfurt
19,54,female,west ivan
20,60,male,new tinaview
21,60,female,north erikaberg
22,42,male,port christopherside
23,41,female,masseyhaven
24,60,female,port jason
25,30,female,rileymouth
26,28,male,christopherville
27,26,male,meganbury
28,56,female,davebury
29,38,male,west ronald
30,59,female,port dustinbury
31,46,female,north davidborough
32,28,female,south christopherville
33,29,male,east susanburgh
34,46,male,clarkton
35,37,male,new ronaldville
36,49,male,east charlesport
37,30,male,whitehaven
38,45,male,new craigfurt
39,22,male,michaelfort
40,23,female,lake emily
41,27,male,port fernando
42,47,male,davidmouth
43,60,male,north thomas
44,49,male,deborahfurt
45,36,female,erictown
46,22,male,west joanneside
47,20,female,east kathleen
48,53,male,chelseastad
49,25,female,lake kyle
50,31,female,north brookemouth
51,38,female,east dana
52,33,female,johnsonshire
53,19,male,east seanview
54,22,female,rosefort
55,34,male,north troyport
56,30,male,port mackenziechester
57,32,male,port jessicatown
58,57,male,stewartborough
59,60,female,port emmaville
60,56,male,new debraport
61,44,male,north thomas
62,45,female,north joshuamouth
63,39,female,dennishaven
64,40,female,darinberg
65,29,male,north billyview
66,54,male,staceyshire
67,37,female,josephmouth
68,53,male,watsonside
69,59,male,south brenda
70,55,female,east joseph
71,30,male,jennifermouth
72,38,male,north josephberg
73,29,male,michaelside
74,50,female,dannybury
75,57,male,haydenhaven
76,28,female,richardmouth
77,54,male,rodriguezside
78,32,female,rogersmouth
79,23,female,wilsonfort
80,26,female,west matthewberg
81,56,female,drakeland
82,30,male,east karaton
83,38,male,north philliphaven
84,27,female,morashire
85,45,male,south christopher
86,52,female,brendaburgh
87,25,female,west danny
88,60,female,goodwinborough
89,24,female,sandersborough
90,46,male,port jasonberg
91,23,female,south nicholas
92,58,female,north vanessa
93,20,female,new richard
94,29,female,richfort
95,47,female,marthafort
96,42,female,new chelsea
97,31,female,west janicemouth
98,19,male,new eddieview
99,58,female,port nicholas
100,18,female,jonesland
101,24,female,north jeffreyton
102,21,male,port meganmouth
103,56,female,port diana
104,44,female,santanahaven
105,30,female,lake laurahaven
106,39,female,lake ronaldborough
107,40,male,petersenfort
108,54,female,port michelle
109,57,male,lake hunterhaven
110,23,male,marvinfort
111,26,male,kendrafurt
112,41,female,east danielleberg
113,27,male,jessicamouth
114,39,female,south robertfort
115,32,female,lake hollystad
116,23,female,new stevenmouth
117,57,male,south kimberlytown
118,33,male,lake mario
119,57,female,jamesfort
120,34,male,new jaclynmouth
121,21,female,lake jenniferport
122,27,male,lloydville
123,60,female,north kimberly
124,49,male,katherinemouth
125,26,female,north rachelton
126,56,female,rachelhaven
127,30,female,east clayton
128,46,male,hunterville
129,38,female,snowchester
130,25,male,south bryanchester
131,22,female,port seanchester
132,28,female,calhounmouth
133,50,female,west chadstad
134,23,male,michaeltown
135,48,male,chadberg
136,49,female,east donnaville
137,19,female,miketown
138,57,female,port donald
139,36,female,south maxwellview
140,48,female,east michaelfort
141,41,female,sharonside
142,53,male,jackland
143,52,male,ericberg
144,32,female,west william
145,22,female,west nathan
146,59,male,port davidtown
147,20,female,lake charleschester
148,42,female,yangberg
149,37,male,evansstad
150,24,female,south cynthia
151,51,male,south rickychester
152,55,female,harrisport
153,54,male,east lauraview
154,35,female,port jacqueline
155,34,female,port robert
156,35,female,south matthew
157,58,male,west steven
158,57,female,south kariport
159,51,female,montgomerytown
160,42,male,dannyport
161,58,male,south jasmine
162,37,male,lake tylerbury
163,30,male,ramireztown
164,20,male,nicoleton
165,52,male,raymondshire
166,32,female,garciaview
167,54,male,monicaborough
168,58,female,north chadview
169,41,female,davidbury
170,20,female,south michelleport
171,47,female,new alexandra
172,23,female,south stephanieside
173,30,female,kellystad
174,27,female,east david
175,55,female,moralesmouth
176,30,male,michaelfort
177,25,female,south tracy
178,58,male,trevorton
179,48,female,douglasfort
180,36,male,north michael
181,30,male,port alisonland
182,34,female,smithton
183,34,female,west morganport
184,27,male,port ashley
185,43,female,south stevenmouth
186,38,male,west robert
187,38,female,south sarah
188,28,male,davidburgh
189,49,male,kristinafurt
190,45,female,pricebury
191,32,female,bentleyshire
192,19,female,johnsonland
193,19,male,brianburgh
194,18,female,cheyennehaven
195,48,female,robertton
196,50,male,carpenterfort
197,26,male,lewisview
198,33,female,north franciscotown
199,36,male,east brycechester
200,18,male,new randy
201,31,female,leeville
202,22,male,port luisside
203,35,male,jonathanhaven
204,29,male,west christopher
205,38,male,jacobborough
206,38,male,larryfurt
207,55,female,cooperbury
208,48,male,sarahland
209,35,female,simpsonmouth
210,45,male,wernermouth
211,27,female,north christopherville
212,44,male,hensonborough
213,49,male,port ronaldfurt
214,54,female,east tracy
215,23,male,sarahmouth
216,39,female,new rachelside
217,35,female,kimberlyhaven
218,30,male,herreraview
219,49,male,north david
220,21,female,lake robert
221,24,female,nicholetown
222,36,female,trevinoville
223,58,female,davidshire
224,50,male,lake jennifer
225,54,male,jeffreybury
226,20,male,emilybury
227,29,male,mitchellburgh
228,59,male,new williamstad
229,33,male,port davidfurt
230,19,female,new vickie
231,39,female,port rose
232,49,female,east jessica
233,31,female,gomezshire
234,46,male,lesterville
235,31,female,new caitlinfort
236,26,female,alexanderbury
237,56,female,lake natasha
238,26,female,janetland
239,59,male,new richard
240,35,female,patrickton
241,59,female,west jessicabury
242,41,male,barnettbury
243,34,female,emilyport
244,53,female,ashleyton
245,59,male,west andrew
246,44,female,north johntown
247,47,male,carlton
248,43,male,taylorborough
249,51,male,thomasport
250,47,male,jessicachester
251,52,male,south patriciaside
252,37,female,maloneshire
253,21,female,finleyburgh
254,46,male,new misty
255,39,male,north mark
256,54,male,north sue
257,39,female,lake christian
258,54,male,new courtneyberg
259,39,female,west matthewfurt
260,45,male,south christopherport
261,32,female,south joel
262,48,female,lake karen
263,29,male,lindafurt
264,48,male,alyssaport
265,42,male,maddenside
266,35,male,sarahton
267,57,male,griffithfurt
268,58,male,williamsview
269,26,female,erinshire
270,32,female,port allison
271,49,female,goodview
272,56,female,new tinabury
273,32,female,franciscoberg
274,60,male,new lisashire
275,57,male,michaelport
276,18,male,pattonchester
277,25,male,port donaldton
278,20,male,west sarah
279,51,female,julieborough
280,19,male,ramirezburgh
281,46,male,north donna
282,50,male,new crystalside
283,46,male,fischerview
284,56,male,alexanderview
285,28,female,veronicaborough
286,27,male,port adam
287,22,female,port donna
288,28,female,wardton
289,30,female,fieldsbury
290,41,female,allisonburgh
291,25,male,lake michael
292,60,female,lake jillshire
293,59,male,jacobchester
294,35,female,youngmouth
295,52,female,east frankland
296,29,male,shepardview
297,52,male,chelsealand
298,58,female,south alexview
299,31,female,hughesfurt
300,47,female,gomezshire
301,34,female,marktown
302,25,female,mccallberg
303,32,male,new michellestad
304,21,female,east jenniferside
305,22,female,west sarahtown
306,25,female,whiteheadview
307,24,male,new dylan
308,18,female,east davidberg
309,27,female,lake madisonton
310,29,female,herringstad
311,51,female,north anitaview
312,48,male,markview
313,20,female,lutzberg
314,27,female,north cynthia
315,56,male,port leslieland
316,32,female,carrmouth
317,46,male,lake matthew
318,20,male,south kelsey
319,54,female,port zacharytown
320,51,female,south cathyshire
321,26,female,marthahaven
322,19,female,east logantown
323,36,female,north matthew
324,33,female,north robert
325,38,male,lauraton
326,55,male,west samantha
327,59,female,brownstad
328,24,male,emilyshire
329,46,female,whitemouth
330,35,male,south caleb
331,56,female,north michaelburgh
332,54,male,west stephenside
333,41,male,millerton
334,47,male,gibbsview
335,58,male,port margaretmouth
336,25,female,south tammyberg
337,51,female,susantown
338,60,female,ericside
339,43,male,east kimberly
340,43,male,new mark
341,38,female,benjaminfurt
342,24,male,east cynthia
343,49,female,east michael
344,19,female,fordshire
345,50,female,cunninghamtown
346,30,female,lake peterburgh
347,42,female,north madisonhaven
348,26,male,north kimberlyville
349,56,male,port eric
350,35,female,south samuelmouth
351,29,female,west william
352,31,female,joneschester
353,29,male,tammychester
354,28,female,south patrick
355,52,male,lake timothy
356,33,female,port johnnyview
357,20,male,amyfort
358,37,male,billymouth
359,23,male,new natalieton
360,54,male,johnsonchester
361,18,male,middletonmouth
362,42,female,martinmouth
363,41,male,mooreport
364,43,male,west michaelstad
365,29,male,east natalieview
366,36,male,kennethton
367,40,female,johnsonchester
368,46,male,lunastad
369,60,male,north christie
370,53,female,south barbaramouth
371,42,female,port ronaldside
372,23,male,east jared
373,37,female,new derekfort
374,33,female,jennifermouth
375,20,male,port sydneychester
376,43,male,west courtney
377,33,female,south tracey
378,46,female,jimmyfurt
379,57,female,fryhaven
380,31,male,forbesville
381,41,female,east adam
382,39,male,lake kimberlyborough
383,42,female,west haleyburgh
384,32,female,port barryville
385,54,male,floresmouth
386,40,female,elizabethbury
387,38,female,port melissaburgh
388,51,female,new robert
389,58,female,south jean
390,41,male,andrewberg
391,34,female,south annette
392,37,female,lake briannamouth
393,52,female,williamsville
394,50,female,piercefurt
395,37,male,east amber
396,39,female,melissaberg
397,26,male,north timothyshire
398,35,female,west timothyville
399,22,female,west lisa
400,40,male,port elizabethshire
401,59,male,north antonio
402,43,male,kleinville
403,37,female,nancymouth
404,38,male,east jeremyport
405,38,male,north tyler
406,47,male,christopherport
407,20,male,perezstad
408,50,male,east keith
409,29,male,kellerstad
410,59,male,salazarville
411,35,male,vincentfort
412,56,female,crystalstad
413,58,female,michaelfurt
414,45,male,south rebeccaville
415,27,female,west sarah
416,21,female,victorville
417,50,male,hestermouth
418,59,female,whitneyshire
419,51,female,lake reginald
420,20,female,hallhaven
421,20,male,north thomasfurt
422,23,male,joyceshire
423,50,female,davisborough
424,41,female,north henry
425,49,male,east stephanietown
426,31,female,east darrenborough
427,29,female,gonzaleztown
428,49,female,jonesburgh
429,50,male,south patrick
430,54,female,clarkton
431,35,female,anthonystad
432,40,female,ericaberg
433,47,female,west sierraville
434,36,female,lake donaldberg
435,35,male,new theresa
436,43,female,south william
437,55,female,lake rhondaville
438,37,male,harrisonmouth
439,55,male,davidview
440,58,male,new williambury
441,33,male,west timothy
442,49,male,south jennifertown
443,39,male,benjaminmouth
444,35,male,allenfort
445,22,female,east scott
446,40,male,greeneberg
447,36,male,east kevinhaven
448,38,male,north ericton
449,18,female,port rachel
450,31,male,south tyler
451,32,female,williamsmouth
452,18,male,lake mark
453,25,male,hernandezfort
454,31,male,new scott
455,47,female,steinmouth
456,44,female,north bradley
457,26,female,south morgan
458,59,male,lake gabrielle
459,26,male,middletonport
460,43,male,trevorborough
461,47,male,angelastad
462,25,female,gonzalesmouth
463,18,male,east jeffreyville
464,21,female,sampsonside
465,26,female,janettown
466,26,male,north melissa
467,24,male,fernandeztown
468,43,female,new dawn
469,41,female,omarside
470,38,female,new tarafort
471,60,female,south christina
472,38,female,christophertown
473,50,male,new michellehaven
474,44,female,south jonathan
475,27,male,ramirezbury
476,52,male,reesemouth
477,52,female,selenaton
478,48,male,courtneyshire
479,46,male,new timothymouth
480,37,male,north ryanberg
481,45,female,north janicebury
482,43,female,josephville
483,42,female,nathanielborough
484,40,female,west zacharytown
485,35,male,weissview
486,20,female,west wendy
487,32,male,mosesland
488,26,male,new charlesshire
489,21,male,johnsonbury
490,34,female,new maryborough
491,32,female,south james
492,30,male,ericstad
493,51,female,east steven
494,54,female,west ann
495,31,male,lake loriport
496,28,female,north cherylport
497,28,female,lake joshua
498,59,male,michelleland
499,20,female,martinezshire
500,26,female,grantbury
501,46,female,nunezport
502,36,male,port alanview
503,24,male,loganside
504,27,female,brandonbury
505,60,female,west carla
506,47,female,campbellbury
507,27,male,reneeside
508,31,female,ericksonchester
509,58,female,new brett
510,49,male,johnsonland
511,21,male,port ianberg
512,52,male,port michaelchester
513,55,male,south juan
514,25,male,ruizton
515,28,male,jamesberg
516,32,female,kristinaburgh
517,58,female,amyburgh
518,51,female,schaeferburgh
519,21,male,port bonnie
520,53,female,new vanessa
521,22,female,tylerborough
522,31,female,jacksonhaven
523,60,male,south amanda
524,42,female,east melissaside
525,19,male,north suzannebury
526,21,male,craigchester
527,42,male,scottland
528,43,male,lake jason
529,52,male,new lisamouth
530,52,female,mckinneyberg
531,31,female,alexanderberg
532,36,male,michaelport
533,55,female,dennisfort
534,40,male,morganport
535,40,female,south lori
536,54,female,melissafurt
537,57,male,dominguezhaven
538,42,male,east ryan
539,37,female,new donald
540,40,male,starkview
541,30,female,stephenhaven
542,50,male,west stephen
543,38,female,east carlaview
544,46,male,east christine
545,28,female,chelseaview
546,26,female,north cathyburgh
547,53,female,south madeline
548,35,female,christopherchester
549,59,male,port geraldside
550,19,female,joannafurt
551,48,female,jackburgh
552,47,male,new brittany
553,31,female,north brian
554,48,male,lake deborahberg
555,48,male,south kyleborough
556,21,female,teresamouth
557,52,male,toddfort
558,20,female,josephland
559,50,female,north william
560,22,male,franklinchester
561,41,male,new sandra
562,43,male,new kiaraburgh
563,19,male,glendaville
564,22,male,bakerville
565,50,male,williamside
566,28,female,north cathyberg
567,38,female,cruzfort
568,26,male,crystalberg
569,36,female,schneiderbury
570,46,male,south robyn
571,43,female,new kimberlyberg
572,59,female,richardside
573,33,male,johnsberg
574,22,female,lake jared
575,47,male,new terrenceview
576,49,male,south gail
577,38,male,new kimland
578,30,female,ericberg
579,30,male,north stephanie
580,46,male,marymouth
581,30,male,north nathanview
582,39,male,faithfort
583,22,male,north lesliefurt
584,27,male,arnoldhaven
585,23,female,east dawn
586,27,male,eddieland
587,23,male,north patrick
588,29,male,lake carlosview
589,42,female,michaelfort
590,52,male,juliemouth
591,43,female,jessehaven
592,41,female,harringtonstad
593,58,male,east autumnfort
594,30,male,ryanbury
595,41,male,new williamton
596,27,female,bernardstad
597,30,female,josephfort
598,53,female,port deborahbury
599,27,female,newtonstad
600,23,male,north kathleen
601,27,male,port paul
602,55,male,lewistown
603,34,female,new scott
604,26,male,tiffanyshire
605,60,male,new russell
606,38,male,parkerbury
607,37,male,sydneyside
608,38,male,sheribury
609,45,female,claireberg
610,60,female,east megan
611,59,female,new janet
612,45,female,south timothyburgh
613,33,female,catherineland
614,24,female,conwayport
615,23,female,williamstad
616,26,male,jessicaton
617,18,female,new marie
618,48,female,millerhaven
619,39,male,barnesmouth
620,46,female,brownville
621,47,male,tonyaview
622,44,female,parkerchester
623,60,female,jeffreyland
624,57,male,new veronicashire
625,57,male,stephanieville
626,37,female,north blake
627,24,male,christophershire
628,50,female,port patricia
629,24,male,west kenneth
630,47,male,east david
631,39,female,tylerport
632,18,female,jamesberg
633,49,female,dicksonburgh
634,23,female,west amandafort
635,25,female,port lisa
636,47,female,lake hollyview
637,19,male,north patricia
638,18,female,south davidfort
639,29,male,new lucasbury
640,59,female,south leslie
641,23,female,lake dana
642,24,female,north michael
643,35,female,amandaport
644,19,male,andrealand
645,45,female,wilsonshire
646,35,male,new melissamouth
647,31,female,greenside
648,31,female,lake casey
649,52,male,nicholaston
650,27,female,fitzgeraldfurt
651,53,female,port jennifer
652,20,female,lake austin
653,21,female,blackshire
654,51,male,south james
655,22,male,new richardhaven
656,21,female,curryburgh
657,41,male,east john
658,57,female,russellside
659,39,female,east travis
660,22,male,new davidborough
661,25,female,burkeview
662,48,male,bowmantown
663,32,male,tinaborough
664,25,male,east scotthaven
665,57,male,port adrian
666,58,female,ruizview
667,47,male,philipport
668,45,female,new davidfort
669,39,female,east michellechester
670,47,female,south justinhaven
671,25,male,jocelynberg
672,20,female,lukeland
673,42,male,east virginia
674,21,female,curtisfurt
675,40,male,east scottport
676,25,male,new jacob
677,39,male,bellshire
678,59,male,bakerborough
679,32,female,east scott
680,42,male,gileston
681,24,female,berrystad
682,31,female,north troyhaven
683,46,male,port jennifershire
684,57,female,underwoodshire
685,50,male,martinville
686,49,male,south debra
687,55,female,north jeremy
688,23,female,port dana
689,18,female,north daniel
690,39,female,cindyshire
691,59,male,braunland
692,38,female,brownmouth
693,37,female,myerstown
694,45,female,east kimberly
695,39,male,east monique
696,50,female,florestown
697,39,male,laneside
698,34,female,jenniferside
699,20,female,west cody
700,26,female,joelview
701,51,female,west dustintown
702,39,male,williamsport
703,53,female,mcdonaldshire
704,29,male,east mary
705,60,male,port paulview
706,32,female,beardview
707,25,male,andersonfort
708,31,female,lake alexis
709,47,male,jeanetteville
710,45,female,south kyleborough
711,60,female,chanberg
712,38,male,east michaelfort
713,29,female,lake mary
714,32,female,ortizshire
715,29,female,new laurenberg
716,47,male,port aliciafurt
717,37,female,youngville
718,33,male,lake maryburgh
719,53,female,alisonside
720,56,female,aaronberg
721,51,female,west karenmouth
722,54,female,west nicole
723,42,female,greenburgh
724,28,male,smithtown
725,42,male,jennyport
726,26,male,new kimberlyland
727,60,female,joybury
728,25,male,south gabriel
729,41,female,rebeccaburgh
730,44,male,new nicholasville
731,27,female,christopherfurt
732,54,male,perezhaven
733,21,male,jacobtown
734,40,male,wallerbury
735,25,female,williamfort
736,59,male,gilmoreview
737,24,female,kimberlyburgh
738,28,female,morristown
739,36,male,howellport
740,25,female,north tina
741,38,female,east lisa
742,49,female,andreaton
743,44,female,mcclainmouth
744,51,male,east ashleyland
745,47,male,lake christopher
746,36,male,austinborough
747,27,female,johnsonfort
748,60,female,east christinachester
749,44,female,calebton
750,48,male,nicholaschester
751,57,male,west todd
752,23,male,lake ryanport
753,44,female,moorechester
754,18,male,terrystad
755,39,male,meyersshire
756,37,female,west benjamin
757,51,male,collinsbury
758,49,male,south andrew
759,37,female,east lydia
760,18,female,port coryton
761,41,female,north destiny
762,55,male,leonardburgh
763,44,male,alexanderside
764,25,female,south eric
765,58,male,south lisaport
766,28,male,petershire
767,21,female,kathleenland
768,22,female,jeffreymouth
769,23,female,amyborough
770,49,male,south billyland
771,34,female,west kyletown
772,52,female,east nancyburgh
773,48,female,new donaldside
774,33,male,north jennaville
775,41,female,south ryanville
776,39,female,benitezburgh
777,49,male,east melissachester
778,44,male,north courtney
779,26,male,north jessica
780,46,male,allisonmouth
781,59,female,stoutbury
782,41,male,east cassidystad
783,47,male,williamtown
784,55,male,east jonathanborough
785,44,female,east darrell
786,27,female,estradaview
787,27,male,port billy
788,41,female,lisamouth
789,57,female,new lauraberg
790,40,female,manuelville
791,26,female,west lauren
792,56,male,kimfurt
793,29,male,anthonymouth
794,40,male,johnsonchester
795,43,female,kimberlyburgh
796,38,female,lake tinaland
797,29,female,smithview
798,59,female,west mike
799,32,female,east tylershire
800,31,male,south justinton
801,22,male,north laurenburgh
802,54,female,south jim
803,56,female,north dawn
804,40,female,liumouth
805,30,female,tamarastad
806,35,female,port latoyachester
807,30,female,south molly
808,55,female,durantown
809,59,female,new kaitlin
810,40,female,martinchester
811,25,male,wilcoxborough
812,48,male,lake sarahshire
813,32,male,rhondaburgh
814,28,female,west gregory
815,29,male,floreschester
816,58,male,wilsonmouth
817,58,male,jenniferfurt
818,18,female,south sharonhaven
819,34,male,south joseph
820,59,male,bowentown
821,24,female,port joshuatown
822,24,male,sheltonfurt
823,18,female,andreahaven
824,24,male,laneshire
825,18,female,jasonchester
826,37,male,north frederick
827,51,female,fullerfort
828,27,female,daltonberg
829,38,female,travishaven
830,23,female,west sandraview
831,58,male,west patriciahaven
832,28,female,north sarah
833,21,male,north tracyland
834,32,male,east courtneyshire
835,24,male,christopherstad
836,40,female,durhamton
837,32,female,north claudiaville
838,32,female,wendystad
839,26,female,lake karenfurt
840,27,female,north robert
841,42,female,reynoldsfort
842,45,female,south lisa
843,58,female,west charles
844,54,female,morrisport
845,43,female,johnmouth
846,26,female,lindafort
847,25,female,danielburgh
848,49,male,frankstad
849,52,male,north nicholasmouth
850,55,female,melissatown
851,36,female,danielleburgh
852,41,male,south susan
853,20,male,peggyville
854,52,female,garnerfurt
855,46,male,alvaradoberg
856,22,male,east crystalfurt
857,56,male,west christophershire
858,44,female,port julie
859,52,male,barrerahaven
860,56,male,kathrynburgh
861,29,female,greenburgh
862,31,male,east danastad
863,18,male,boothland
864,51,female,roblesport
865,36,female,west gregory
866,47,female,north david
867,56,female,garciabury
868,28,female,dennisbury
869,54,female,donnamouth
870,49,male,valenzuelaview
871,57,female,new gabrielleburgh
872,49,female,new amy
873,48,male,scottville
874,48,male,morenohaven
875,46,male,bergmouth
876,31,male,jeremymouth
877,45,male,new jennifer
878,57,female,draketown
879,47,female,port devonville
880,47,female,rebeccaborough
881,18,female,port jerryburgh
882,47,male,downshaven
883,27,female,paulaborough
884,31,female,new jillianshire
885,56,female,rojaschester
886,41,female,north beth
887,41,female,karenport
888,31,male,alexandrafort
889,39,male,zacharyport
890,43,female,richardmouth
891,19,male,sarahtown
892,28,female,mullinsfurt
893,25,male,east thomas
894,46,female,north molly
895,44,male,new melissa
896,35,female,martinezbury
897,39,male,north megan
898,50,female,lake joland
899,19,female,east anna
900,50,male,michaelville
901,49,male,martinezshire
902,21,female,new jeffrey
903,24,female,morrisonville
904,49,female,larsenville
905,29,male,east sandy
906,24,female,lauramouth
907,34,male,benitezmouth
908,28,female,port christophertown
909,38,male,west ryan
910,51,male,sarashire
911,53,male,cameronfort
912,42,male,south monica
913,33,female,martinland
914,46,male,sherrytown
915,40,female,port donald
916,58,male,erinmouth
917,55,female,fuentesview
918,29,female,anthonytown
919,55,female,east lindsayport
920,59,female,catherinefort
921,33,female,new markberg
922,33,male,west melissashire
923,38,male,south michellehaven
924,28,female,south lori
925,45,male,lake sarah
926,30,male,port christopher
927,47,female,east timothyborough
928,48,female,riverastad
929,20,male,scotthaven
930,49,female,morganchester
931,54,male,smithfurt
932,52,male,new michael
933,23,female,lake jennifer
934,59,female,west jillberg
935,40,female,jenniferburgh
936,18,female,lake stephanieland
937,22,female,jenkinsland
938,37,female,new carlos
939,27,male,gallowayville
940,46,female,port catherine
941,26,male,port susanview
942,57,female,south charleston
943,32,female,east travis
944,36,male,new kelly
945,22,male,east nathanside
946,43,male,dianaside
947,46,male,alexanderchester
948,27,male,west sydneystad
949,54,male,west benjamin
950,41,female,smithbury
951,30,female,cartertown
952,55,female,medinatown
953,52,female,port christopherfurt
954,37,female,lake jeffrey
955,49,male,north michellefurt
956,37,female,georgefurt
957,28,female,crystalhaven
958,60,female,caitlinton
959,28,male,palmerton
960,54,female,stephenburgh
961,43,female,north james
962,41,male,markport
963,51,female,new jennifer
964,31,male,south laurenville
965,23,male,martinfurt
966,29,male,gillberg
967,34,female,stephensonstad
968,45,female,east william
969,30,male,new jessica
970,44,female,east nicholeport
971,26,male,danielhaven
972,29,female,new robert
973,50,male,devinhaven
974,58,female,estradaview
975,35,male,port johnview
976,56,male,elizabethview
977,58,male,mariahton
978,35,male,west justinmouth
979,29,male,port james
980,51,male,martinezview
981,27,male,west rebecca
982,19,female,new ryanville
983,21,female,jillville
984,55,female,craigstad
985,57,female,port david
986,55,male,south rachel
987,35,female,north tim
988,25,male,ronaldmouth
989,46,female,south lisa
990,19,male,north sarah
991,37,male,tatemouth
992,51,male,timothyport
993,38,male,vaughnland
994,37,female,north kathryn
995,32,male,west connie
996,39,male,tinatown
997,21,female,south valeriechester
998,25,female,jeremybury
999,51,female,north amandaberg
1000,57,female,toddbury
1001,32,male,new carol
1002,55,female,howardtown
1003,55,female,north william
1004,44,female,north jessica
1005,44,female,lake franceshaven
1006,41,male,mitchellland
1007,40,male,lake saraview
1008,57,male,jeffreyshire
1009,41,female,port mariaberg
1010,30,female,south sarahview
1011,53,female,scottmouth
1012,57,female,port michael
1013,59,female,reneefurt
1014,55,female,south tammieshire
1015,29,female,richardtown
1016,38,male,west andrewberg
1017,51,male,north diana
1018,56,male,tamarastad
1019,26,male,port jeffreychester
1020,52,female,andrewmouth
1021,43,male,lewismouth
1022,52,male,port aaron
1023,48,male,north mitchellton
1024,19,female,port jeremy
1025,35,male,arielstad
1026,34,female,triciafort
1027,20,male,east davidborough
1028,43,male,east danielside
1029,19,female,chavezmouth
1030,21,female,lake christinahaven
1031,22,male,jacquelineborough
1032,31,male,angelafurt
1033,51,female,south ashleybury
1034,48,female,angelaport
1035,47,female,ashleyview
1036,54,female,shannonville
1037,34,male,marcusland
1038,27,female,juliaville
1039,20,female,new jamestown
1040,31,male,west kaitlynville
1041,35,female,south joyceview
1042,36,female,kristenview
1043,41,female,morrisonfort
1044,56,female,alexisshire
1045,43,female,danielland
1046,18,female,bryantstad
1047,48,male,lake isaac
1048,24,male,greenville
1049,59,male,new brett
1050,44,male,tammymouth
1051,28,male,santiagoburgh
1052,30,female,williamshaven
1053,29,female,sandymouth
1054,49,male,mariamouth
1055,46,male,west rachel
1056,60,male,travismouth
1057,37,male,west tammy
1058,59,male,south seanfurt
1059,22,male,west anthonytown
1060,56,female,jasonburgh
1061,36,female,lake katrinafurt
1062,24,female,west danielton
1063,46,female,rodneyshire
1064,31,male,west timothymouth
1065,43,female,jessehaven
1066,60,female,millstown
1067,37,male,floreshaven
1068,41,female,new johnside
1069,51,male,port jennifer
1070,39,female,fernandezchester
1071,31,male,bakerton
1072,19,female,melindamouth
1073,38,female,jeremytown
1074,26,male,east wendymouth
1075,43,male,north bob
1076,49,female,new eric
1077,25,female,new jacob
1078,35,male,west keithshire
1079,27,female,new samantha
1080,43,male,matthewshire
1081,36,female,michaelchester
1082,20,female,staceyshire
1083,22,female,east mary
1084,22,female,port william
1085,59,female,bonnieside
1086,49,male,new gabrielview
1087,40,female,seanfurt
1088,21,female,connorberg
1089,34,male,west seth
1090,38,female,lauraview
1091,48,male,lorichester
1092,21,male,east brandi
1093,53,male,hopkinsshire
1094,36,female,west derekmouth
1095,19,female,port brettfurt
1096,51,female,south aaron
1097,56,male,south christina
1098,51,female,greenefurt
1099,39,male,west gregorymouth
1100,37,female,moorefurt
1101,43,male,west andrew
1102,44,male,timothystad
1103,25,male,west ashley
1104,44,male,dominguezview
1105,57,female,alexisport
1106,57,female,chungbury
1107,37,male,port laura
1108,60,female,port jon
1109,42,female,port david
1110,40,male,wardfort
1111,28,male,north julie
1112,19,female,cooperberg
1113,59,male,greenbury
1114,33,female,lake ian
1115,34,male,lake rebeccachester
1116,19,female,hannahchester
1117,54,male,josephberg
1118,32,female,davidstad
1119,48,female,north daniel
1120,53,male,justinton
1121,49,male,danielview
1122,22,female,melissaside
1123,56,female,north matthewchester
1124,49,male,nortonshire
1125,20,female,south robertland
1126,32,female,monicaside
1127,20,male,north albert
1128,29,female,lisastad
1129,46,male,ryanville
1130,43,male,east marcus
1131,54,male,thomasland
1132,44,female,jaredchester
1133,22,male,south jamieland
1134,28,female,west joe
1135,41,female,east robin
1136,22,female,gonzalezborough
1137,18,female,robertborough
1138,33,male,port karenstad
1139,55,female,wendyhaven
1140,55,male,rileyshire
1141,59,male,west ryanville
1142,60,male,west markport
1143,24,female,port kristin
1144,30,male,north peterberg
1145,55,male,east john
1146,46,male,south thomasside
1147,22,male,meltonborough
1148,23,female,west greggport
1149,56,female,hayesfort
1150,35,female,leemouth
1151,57,male,new jason
1152,53,female,bellview
1153,27,female,east jessica
1154,30,male,rodriguezbury
1155,43,male,evelynshire
1156,36,male,west seanborough
1157,18,male,bethtown
1158,53,male,south saratown
1159,34,male,lake brandonchester
1160,31,female,shawntown
1161,25,male,rodriguezview
1162,38,male,bradleystad
1163,40,male,new hannahtown
1164,56,male,port ashleyside
1165,37,female,new bianca
1166,28,female,north henryberg
1167,56,female,east timothy
1168,19,male,ricardoton
1169,24,male,rosalesbury
1170,50,female,vazquezmouth
1171,39,female,east morgan
1172,35,male,south monica
1173,18,female,scottborough
1174,56,female,new wandafurt
1175,53,female,harmonberg
1176,21,male,paulfort
1177,49,male,carlsonchester
1178,38,male,port caleb
1179,34,female,west sandy
1180,56,female,port william
1181,46,male,kristinmouth
1182,31,male,port cody
1183,49,male,north john
1184,47,female,west jason
1185,34,male,west alexandra
1186,52,male,royshire
1187,22,female,frazierburgh
1188,18,male,port alexandriaview
1189,55,female,south philliptown
1190,59,female,port bruce
1191,53,female,pattyfurt
1192,30,male,sandrashire
1193,50,male,north austinside
1194,25,male,port jessica
1195,52,male,new kelly
1196,47,female,lake charles
1197,27,male,east dennis
1198,25,male,hillhaven
1199,39,male,owensburgh
1200,28,female,lake michelle
1201,24,male,gomezmouth
1202,56,male,lebury
1203,51,male,brownmouth
1204,32,female,port javier
1205,29,female,new jeffside
1206,55,male,joshuaton
1207,31,female,pennyshire
1208,34,male,south kimberlyfort
1209,43,female,ryanburgh
1210,37,male,port ethan
1211,60,female,cassieside
1212,49,female,north jerryshire
1213,38,male,lisamouth
1214,36,female,joshuamouth
1215,39,male,north dawn
1216,53,female,port jessicaberg
1217,44,female,robertside
1218,21,male,courtneyview
1219,32,male,new lindaland
1220,54,female,stanleyville
1221,56,male,stevensland
1222,51,female,huffberg
1223,32,male,south miranda
1224,27,male,ronaldport
1225,18,female,lake ashleyside
1226,19,female,new elizabeth
1227,49,male,port jeffreyhaven
1228,19,female,new amber
1229,41,female,angelaview
1230,21,male,heatherport
1231,51,male,north james
1232,29,male,south kelly
1233,60,female,grahamtown
1234,57,female,west robertview
1235,33,male,arianaland
1236,47,male,lake bobby
1237,45,female,ramirezborough
1238,48,male,new brenda
1239,47,male,muellerborough
1240,30,male,port jack
1241,53,male,north wandafurt
1242,50,male,mccoytown
1243,21,male,jenniferport
1244,54,male,new jamesfort
1245,23,male,new emilystad
1246,21,female,coxshire
1247,56,female,west donnaborough
1248,19,male,joytown
1249,52,male,savagefort
1250,51,male,underwoodfurt
1251,46,female,mcmahonberg
1252,21,male,joneschester
1253,47,female,stephanieburgh
1254,32,female,stanleyborough
1255,55,female,williamsview
1256,25,female,meganchester
1257,50,female,lake taraland
1258,29,female,jenniferside
1259,28,female,harveyport
1260,38,female,fordmouth
1261,21,male,port hannah
1262,30,female,west deborahborough
1263,55,female,lake alicia
1264,58,male,east jessicaside
1265,38,female,drakefort
1266,28,male,north margaret
1267,42,female,kevinton
1268,59,female,east rodneyland
1269,36,male,harrisonborough
1270,25,male,shelbyburgh
1271,57,female,north andrewberg
1272,47,male,port jay
1273,46,female,new dominique
1274,51,female,riveraland
1275,44,male,north danafurt
1276,19,female,south joseville
1277,33,male,north mitchell
1278,46,male,port amanda
1279,31,female,new zachary
1280,56,female,east jacob
1281,23,male,west robertchester
1282,42,male,alyssaville
1283,34,female,martinezburgh
1284,25,female,everetttown
1285,42,female,sarahshire
1286,36,female,port andre
1287,33,male,east lauramouth
1288,52,male,west jonathanton
1289,56,male,hallview
1290,53,female,east amystad
1291,39,male,samanthaton
1292,22,male,carterstad
1293,50,male,east tracybury
1294,19,male,south michaelland
1295,39,female,lake christine
1296,29,male,west stephaniehaven
1297,41,male,lake michaelmouth
1298,37,female,south william
1299,52,female,west theresa
1300,40,female,matthewtown
1301,50,male,west paulstad
1302,37,female,port pamela
1303,39,female,mannport
1304,32,female,port jared
1305,27,female,east james
1306,47,female,curtisville
1307,36,female,west ericstad
1308,45,female,morganport
1309,53,female,rodgersmouth
1310,30,male,lake steven
1311,34,female,logantown
1312,39,female,markborough
1313,36,male,michaelton
1314,28,male,salasside
1315,55,female,north spencer
1316,42,female,north jamie
1317,48,female,west nathan
1318,19,female,melissatown
1319,21,female,west fredland
1320,34,male,knappberg
1321,23,male,alvarezside
1322,33,male,alexandertown
1323,55,female,tuckertown
1324,28,male,lake danielfurt
1325,51,male,andersonfort
1326,36,female,ashleytown
1327,52,female,new jayburgh
1328,44,male,south tonya
1329,50,female,north william
1330,46,male,gilmorefurt
1331,24,male,morganside
1332,34,female,port georgeton
1333,24,female,beardview
1334,41,female,port laura
1335,57,female,lake sarahmouth
1336,32,male,youngshire
1337,18,female,new kimberly
1338,31,male,port kelly
1339,56,female,south monica
1340,55,female,lake jonathanborough
1341,22,male,loriberg
1342,22,female,stokesfort
1343,58,male,robertstad
1344,41,female,lisachester
1345,39,male,adrianmouth
1346,39,male,north levi
1347,37,male,harrischester
1348,25,female,florestown
1349,40,male,charlesport
1350,58,male,east joe
1351,51,female,kellyburgh
1352,47,male,smithberg
1353,42,male,north kylemouth
1354,56,female,new stacey
1355,56,female,kevinburgh
1356,43,male,rasmussenport
1357,19,female,olsonchester
1358,49,male,clarkchester
1359,60,female,henrymouth
1360,37,male,conniemouth
1361,30,female,daniellemouth
1362,22,male,port kaitlynside
1363,48,male,cindymouth
1364,24,female,mooneystad
1365,44,male,beltranchester
1366,55,male,south ambertown
1367,56,female,new thomashaven
1368,29,female,robinsonton
1369,40,male,new amanda
1370,35,female,new richardside
1371,59,female,lucaston
1372,31,female,new brianna
1373,56,male,wrightview
1374,44,female,west fernando
1375,56,female,stevensonbury
1376,19,female,jacobshire
1377,51,female,north kristina
1378,39,female,port christina
1379,43,male,delacruzfort
1380,22,male,lake codyport
1381,21,male,north michaelmouth
1382,59,male,travisview
1383,32,male,amandaville
1384,26,male,vanessastad
1385,46,male,new thomas
1386,22,female,roseview
1387,32,male,lake derrick
1388,44,female,north jonathan
1389,25,female,lake william
1390,48,male,hansenville
1391,51,male,johnsonborough
1392,59,female,smithchester
1393,34,female,north tiffany
1394,59,male,patelborough
1395,36,female,thompsonshire
1396,41,female,abigailfort
1397,21,female,port nicoletown
1398,59,male,stephenside
1399,21,male,north stephanieburgh
1400,26,female,danaberg
1401,45,male,lake johnhaven
1402,21,female,south benjamin
1403,41,male,karenchester
1404,53,female,north mary
1405,54,male,new carolynshire
1406,54,male,anthonyside
1407,34,female,lake loriside
1408,35,female,new kristinaton
1409,56,female,port lance
1410,45,male,lynnbury
1411,22,male,courtneyside
1412,22,male,sandrashire
1413,45,male,south robert
1414,35,female,russellfort
1415,44,male,south brent
1416,59,female,south melanieburgh
1417,55,male,new jason
1418,27,female,port ronniehaven
1419,18,male,south ethan
1420,45,female,williambury
1421,29,female,brownville
1422,22,male,north taraland
1423,44,female,north sherriburgh
1424,37,male,carpenterberg
1425,29,male,maryshire
1426,52,male,west joshua
1427,25,male,martinborough
1428,44,female,lake christine
1429,49,female,grayshire
1430,23,female,west coreyton
1431,51,female,east jasonport
1432,39,female,north barbara
1433,26,male,wadeborough
1434,37,female,lake michaelchester
1435,22,female,lake antonioville
1436,53,female,gonzalesmouth
1437,47,female,west johnbury
1438,32,female,karenfurt
1439,19,female,east sharon
1440,29,female,andresville
1441,42,female,east laurieville
1442,30,male,nelsonborough
1443,38,female,hayesbury
1444,24,male,port walterburgh
1445,54,female,marthaburgh
1446,18,male,jenniferchester
1447,32,female,east shelly
1448,60,female,lake jason
1449,58,male,port danielberg
1450,44,female,stephensonview
1451,55,female,north katherinehaven
1452,34,male,east shawn
1453,27,female,garciastad
1454,36,male,north robert
1455,57,female,new jenna
1456,28,female,jenniferside
1457,47,female,west jeremy
1458,30,female,port robertmouth
1459,22,male,jamesburgh
1460,28,female,margaretfort
1461,46,female,blackburnport
1462,31,male,east elizabeth
1463,39,male,lake jennifermouth
1464,39,female,shellytown
1465,49,male,josephland
1466,22,female,south nicoleton
1467,53,male,north zoeport
1468,27,female,port christopherbury
1469,55,female,port marymouth
1470,34,male,johnsonfort
1471,58,female,melissatown
1472,46,male,michaelmouth
1473,58,female,leeton
1474,44,male,oliviaside
1475,19,female,edwardtown
1476,56,male,johnton
1477,21,female,lake shaun
1478,24,female,port jeffrey
1479,23,male,kennethfurt
1480,44,female,new thomasview
1481,53,female,port michaelport
1482,58,male,jesusport
1483,60,female,joshuafurt
1484,54,male,lake chaseborough
1485,46,male,lake tracie
1486,46,male,west michelle
1487,27,male,lucaschester
1488,42,male,sweeneyville
1489,30,female,collinsshire
1490,38,female,north sarahbury
1491,48,male,santosmouth
1492,28,female,north timothyfort
1493,33,female,west amyside
1494,49,male,christineberg
1495,35,female,lake brandon
1496,51,female,east tamara
1497,60,female,west danielmouth
1498,52,female,douglasfurt
1499,46,female,south eric
1500,60,female,stevenmouth
1501,18,male,jordanberg
1502,56,male,east alexandriaview
1503,24,male,south danielside
1504,27,male,monicaport
1505,20,female,north jamesstad
1506,35,male,west linda
1507,53,female,jameshaven
1508,51,male,scottfurt
1509,49,male,lake brianshire
1510,30,male,new aaron
1511,54,female,sandraburgh
1512,57,male,casefort
1513,32,male,michellebury
1514,58,female,davidborough
1515,29,female,east joshua
1516,34,female,seanborough
1517,57,female,east steven
1518,22,female,port russell
1519,21,male,west deborah
1520,56,female,lake ryan
1521,19,female,chandlerton
1522,56,female,lake timothyton
1523,22,male,north alexis
1524,39,male,north lisa
1525,54,male,tammyport
1526,24,female,south richardmouth
1527,22,female,east misty
1528,20,male,edwardsmouth
1529,49,male,port ashley
1530,42,female,harveyville
1531,57,male,tracibury
1532,29,male,kaylachester
1533,24,male,kaylastad
1534,28,male,north dylanview
1535,57,male,port rhonda
1536,42,male,matthewhaven
1537,53,male,new brandon
1538,38,female,new tracy
1539,37,female,south taylor
1540,42,female,payneport
1541,32,female,new jessicachester
1542,50,male,leslieville
1543,45,male,south amanda
1544,28,female,lopezfort
1545,55,female,east jacobton
1546,37,female,kimberlyport
1547,54,male,marcusport
1548,25,male,clayfort
1549,27,male,briannachester
1550,27,female,lake allenside
1551,29,female,leahbury
1552,42,male,new dakotaport
1553,19,female,cartermouth
1554,30,male,port victoriaview
1555,22,female,kramermouth
1556,60,male,north traceymouth
1557,43,male,lake brian
1558,19,female,nicolebury
1559,23,female,paulaborough
1560,44,male,new seth
1561,60,male,north joseph
1562,56,male,erikaport
1563,28,male,riveraborough
1564,49,female,port katherinechester
1565,34,female,charlesberg
1566,18,female,south larry
1567,22,male,riversmouth
1568,39,male,lake warren
1569,43,female,new melissabury
1570,18,male,paynemouth
1571,54,male,north margaret
1572,36,female,cherylberg
1573,59,female,lake lisa
1574,25,female,boyerhaven
1575,24,male,lake brent
1576,51,male,new adamshire
1577,37,female,lake blakebury
1578,43,female,west richard
1579,56,male,west bridgetmouth
1580,38,female,martinezmouth
1581,59,male,north kellyton
1582,34,female,west stephanieport
1583,47,female,douglasborough
1584,50,female,north david
1585,36,male,lawrencehaven
1586,38,female,port aaron
1587,35,female,south ericmouth
1588,59,female,north williamview
1589,27,female,markville
1590,40,male,lake justinside
1591,23,male,franklinfort
1592,42,female,port andreberg
1593,54,male,east johnville
1594,23,male,lake james
1595,27,male,phillipsmouth
1596,46,male,lewistown
1597,60,female,judithport
1598,50,male,new ryanchester
1599,33,male,jasonport
1600,23,female,north mark
1601,50,male,lake carl
1602,46,female,lake brandonberg
1603,58,male,anthonyville
1604,23,male,port jesustown
1605,24,male,bakerport
1606,34,male,port william
1607,38,female,danielville
1608,35,female,south eric
1609,37,female,west jeffview
1610,58,female,washingtonbury
1611,57,male,mcculloughport
1612,29,male,new amy
1613,43,male,myersville
1614,24,female,lake michelle
1615,55,female,north jenniferstad
1616,22,male,west ryan
1617,35,male,reynoldsport
1618,24,female,ponceview
1619,41,male,lake david
1620,58,male,north lonnie
1621,44,male,alyssachester
1622,19,male,brownhaven
1623,41,female,forbesfurt
1624,42,male,mariashire
1625,25,male,west george
1626,44,female,scottshire
1627,48,female,ryanchester
1628,20,female,south jamieport
1629,36,male,port catherinehaven
1630,19,male,south judystad
1631,58,male,jenniferfurt
1632,19,male,sheritown
1633,37,male,new williamchester
1634,51,female,rogersbury
1635,30,male,tanyastad
1636,33,male,west matthew
1637,31,male,yolandaview
1638,35,female,nicolechester
1639,56,male,walkerville
1640,56,female,sethberg
1641,42,male,west brandon
1642,40,female,mathewville
1643,56,female,west ericfort
1644,50,female,west christopher
1645,51,female,mcdonaldchester
1646,32,female,north kim
1647,35,female,nelsonside
1648,59,female,meredithburgh
1649,27,female,pollardbury
1650,45,female,samanthamouth
1651,55,male,jeffport
1652,31,female,morganville
1653,47,male,port melindabury
1654,59,male,lopezstad
1655,22,female,east kristinestad
1656,46,female,donnashire
1657,52,female,haroldtown
1658,59,female,frankmouth
1659,55,male,south emilyfort
1660,23,female,south emilychester
1661,41,female,davidfort
1662,21,female,lake mirandastad
1663,46,female,tylermouth
1664,57,male,christopherville
1665,54,male,lake roger
1666,41,male,masseytown
1667,56,female,east kathy
1668,35,female,anthonymouth
1669,37,female,ericfort
1670,56,female,north michael
1671,31,female,lake edwinton
1672,42,male,larryview
1673,34,male,south thomas
1674,19,female,west cynthiafurt
1675,49,male,west mikeside
1676,21,male,kennethmouth
1677,22,female,thomasbury
1678,47,male,north matthewberg
1679,45,male,north lisaville
1680,27,female,shortberg
1681,32,male,katieview
1682,39,male,lanehaven
1683,38,male,kimburgh
1684,39,male,mitchellville
1685,49,female,east john
1686,53,female,danielville
1687,47,female,north barbara
1688,32,male,west carriefort
1689,27,male,east jonathanborough
1690,44,female,stephanieton
1691,51,male,north jenny
1692,39,female,davisborough
1693,53,female,jenniferchester
1694,22,male,lake wayne
1695,49,male,south patrick
1696,22,female,carrollfort
1697,45,female,lynchhaven
1698,60,female,east autumnburgh
1699,58,male,new robert
1700,56,female,alvaradoport
1701,57,male,russellchester
1702,52,male,lake steven
1703,60,male,foxmouth
1704,40,male,tonyashire
1705,34,male,north margaretport
1706,25,female,julieland
1707,26,female,north kevin
1708,45,female,new charleneton
1709,45,male,lake jesus
1710,36,female,lake kiara
1711,38,female,charlesbury
1712,23,male,port lindsaybury
1713,49,male,hutchinsonmouth
1714,33,male,johnville
1715,28,female,blackwellton
1716,56,male,south mandy
1717,60,female,port karen
1718,42,male,new kristihaven
1719,48,male,anthonyberg
1720,35,female,east jacquelineburgh
1721,56,female,jamiechester
1722,40,male,lake jesse
1723,58,male,evansburgh
1724,49,male,jaclynfurt
1725,23,female,port john
1726,60,male,sandovalberg
1727,37,male,karenborough
1728,33,male,west elizabethton
1729,37,male,port tony
1730,37,female,lake gabrielborough
1731,53,female,cantubury
1732,21,male,port henry
1733,54,male,warrenberg
1734,31,female,south davidborough
1735,19,female,clarktown
1736,39,male,west stevenmouth
1737,24,female,south derrickberg
1738,26,female,stephenton
1739,40,male,new elizabeth
1740,49,male,south kendraborough
1741,52,male,jimmyfort
1742,22,male,kelleybury
1743,18,female,south toddtown
1744,59,female,north james
1745,39,female,north todd
1746,43,female,myerstown
1747,29,female,port coreyville
1748,37,female,south manuel
1749,39,female,millsmouth
1750,53,female,lake priscillaview
1751,22,female,brianton
1752,37,female,adamshire
1753,24,male,east katrina
1754,41,male,port joshua
1755,42,male,taylorview
1756,30,male,east christopher
1757,42,female,reedtown
1758,58,female,west jacqueline
1759,58,male,west melissashire
1760,22,male,greenstad
1761,36,female,lake desireefurt
1762,54,female,richardfurt
1763,29,female,jamesport
1764,46,female,charlesborough
1765,59,male,west michellestad
1766,18,male,andradeport
1767,29,female,port shelley
1768,26,female,port andrea
1769,45,female,wareport
1770,31,female,andrewstad
1771,58,female,gabriellehaven
1772,24,female,lake julie
1773,43,female,west andrew
1774,52,male,jenniferborough
1775,44,male,mauricefurt
1776,21,male,salasmouth
1777,26,male,sullivanbury
1778,25,female,west meganmouth
1779,42,male,new tony
1780,56,male,jasonville
1781,37,female,andreamouth
1782,47,female,east michaelville
1783,37,female,south elizabeth
1784,41,female,north carolynstad
1785,45,male,michelletown
1786,31,male,new paulmouth
1787,43,male,carterberg
1788,33,female,east jeremyland
1789,39,male,charlesberg
1790,35,male,north jasonburgh
1791,26,female,new micheal
1792,20,male,lake sheila
1793,47,female,kimberlyborough
1794,22,female,west laura
1795,46,female,port rebecca
1796,33,male,north brittany
1797,33,female,elizabethborough
1798,20,female,normanhaven
1799,59,female,south julia
1800,43,female,kathleenhaven
1801,22,female,south charles
1802,35,male,thomaschester
1803,47,male,lake susan
1804,58,male,bakerton
1805,22,male,port maxwellside
1806,59,male,colonshire
1807,47,male,deleonborough
1808,50,male,west paulview
1809,29,male,margaretmouth
1810,43,female,lake michaelview
1811,45,male,davilamouth
1812,18,female,port peter
1813,40,female,michaelburgh
1814,24,male,north jamesland
1815,24,female,west kristin
1816,60,male,garrettside
1817,51,male,lopezberg
1818,34,male,grantstad
1819,42,male,east frankmouth
1820,36,male,sandershaven
1821,28,female,new sarahberg
1822,45,male,danaburgh
1823,41,female,port steven
1824,30,male,madelinebury
1825,52,female,floresshire
1826,41,male,rosefurt
1827,54,female,martinshire
1828,57,female,paulville
1829,44,male,washingtonburgh
1830,42,female,lake daniel
1831,22,male,davidshire
1832,18,male,walkerside
1833,27,female,waltersburgh
1834,18,male,kellyville
1835,26,male,hillton
1836,48,male,williamsside
1837,18,female,dianafort
1838,26,female,christyland
1839,28,male,east jason
1840,60,male,vickiside
1841,50,male,perezhaven
1842,35,male,port michaelburgh
1843,59,female,wellsberg
1844,48,male,lindsayville
1845,34,female,south tracey
1846,60,male,harrisonshire
1847,18,male,west paula
1848,49,female,new richard
1849,60,female,meganside
1850,34,female,south nancy
1851,52,female,patricktown
1852,27,female,walkertown
1853,36,female,port rhondatown
1854,58,male,new mark
1855,54,female,new kelseyshire
1856,49,female,east brianland
1857,42,female,nancyshire
1858,51,female,west kristen
1859,24,male,new adam
1860,30,male,ronaldfurt
1861,54,male,new adamview
1862,46,male,charlesmouth
1863,59,female,escobarville
1864,46,female,east robertfurt
1865,50,female,north judyburgh
1866,34,male,port tamara
1867,53,male,tamarafort
1868,34,male,kimberlyville
1869,35,female,south benjamin
1870,31,male,adamsborough
1871,37,female,johnhaven
1872,50,male,port veronica
1873,19,male,north robert
1874,45,male,christinaburgh
1875,47,female,phillipsside
1876,24,female,melvinmouth
1877,39,female,ballville
1878,54,male,north hayley
1879,20,female,barrettmouth
1880,59,female,new kaitlin
1881,29,female,rubioville
1882,50,female,lake joseph
1883,56,female,port yolanda
1884,20,female,martinmouth
1885,30,female,taylorport
1886,41,female,boydchester
1887,37,male,johnchester
1888,45,female,forbesshire
1889,38,female,haysmouth
1890,20,female,west kyle
1891,42,female,new nicole
1892,44,male,south donaldville
1893,29,female,sheilafort
1894,41,female,new saraburgh
1895,32,male,schultzview
1896,45,female,aaronmouth
1897,51,female,lake jamesside
1898,21,female,south jenniferport
1899,37,male,port angela
1900,60,female,lake mary
1901,48,male,nicholsonburgh
1902,44,male,west johnland
1903,20,female,phillipsstad
1904,19,female,gillton
1905,45,male,east cathyberg
1906,48,female,port william
1907,56,male,hortonville
1908,48,male,west christopher
1909,21,male,new laura
1910,49,female,south annettebury
1911,42,male,priscillahaven
1912,40,female,rodrigueztown
1913,18,female,russostad
1914,44,female,port brandonburgh
1915,19,male,west april
1916,58,male,amybury
1917,58,male,west christopher
1918,39,male,north coreymouth
1919,48,female,fullerfurt
1920,48,female,michaelton
1921,47,male,davismouth
1922,60,female,petersonmouth
1923,22,female,west steven
1924,33,female,west beverly
1925,33,male,port lisa
1926,30,female,new gregorymouth
1927,33,female,veronicaville
1928,30,female,leonton
1929,22,female,lake deanna
1930,49,male,taylorchester
1931,50,female,east fredtown
1932,19,female,east amandatown
1933,59,female,deleonside
1934,20,female,bensontown
1935,57,female,nelsontown
1936,23,male,south michelle
1937,47,male,south anthony
1938,55,male,port graceburgh
1939,60,male,collinschester
1940,36,female,reneehaven
1941,28,female,robersonland
1942,22,male,port amberport
1943,54,male,waltersstad
1944,29,female,north rebecca
1945,23,female,west susan
1946,49,male,kimport
1947,22,female,east derekfort
1948,49,male,princefort
1949,29,female,harrelltown
1950,41,female,lake meganshire
1951,34,female,east roger
1952,23,male,kristenberg
1953,33,male,west terri
1954,39,male,carterberg
1955,32,female,new jennifer
1956,52,male,port erica
1957,23,female,port joshua
1958,60,female,west rose
1959,23,female,new carrieland
1960,20,male,amberborough
1961,51,female,nicholasmouth
1962,22,female,ronaldview
1963,27,female,melaniemouth
1964,51,male,adamtown
1965,19,female,south meganstad
1966,52,male,warnerside
1967,38,female,north ralph
1968,49,male,port donaldborough
1969,58,female,stevenview
1970,36,male,bryanberg
1971,42,male,tammymouth
1972,59,female,south darryl
1973,45,female,jamesfurt
1974,35,female,south bruceland
1975,18,male,lake emily
1976,59,female,south william
1977,45,female,sampsonton
1978,18,female,port jeffrey
1979,53,female,north amandatown
1980,33,male,elizabethstad
1981,30,female,south amy
1982,18,female,kylebury
1983,33,female,port john
1984,34,female,north marymouth
1985,41,female,williamshaven
1986,33,female,new charles
1987,36,female,north jeffrey
1988,56,female,port bradley
1989,46,female,zamorafort
1990,44,female,erikachester
1991,27,female,wolfbury
1992,57,female,west jessicafort
1993,57,female,west stephanie
1994,30,female,adambury
1995,58,female,smithfurt
1996,21,female,south alejandrostad
1997,23,female,williamsshire
1998,42,male,jamesside
1999,45,male,williamville
2000,27,male,riceland
