,userID,age,gender,city,country
0,60494,29,female,williamshaven,us
1,73691,48,male,hullport,us
2,72468,56,male,brandyborough,us
3,76150,33,male,west donald,us
4,22429,27,female,vanessaside,us
5,88892,54,female,west corey,us
6,19665,22,female,thomasville,us
7,56372,38,female,stewartborough,us
8,82420,43,male,ramoshaven,us
9,44143,55,female,port samanthatown,us
10,22225,52,male,pagetown,us
11,90202,52,female,claytonmouth,us
12,41969,35,male,janeland,us
13,35043,29,female,east linda,us
14,28677,22,female,davismouth,us
15,76576,32,male,rodriguezside,us
16,48153,30,male,new marvinside,us
17,36634,40,female,seanfurt,us
18,51555,54,female,west ivan,us
19,34475,60,male,new tinaview,us
20,72459,60,female,north erikaberg,us
21,29601,42,male,port christopherside,us
22,99587,41,female,masseyhaven,us
23,46127,60,female,port jason,us
24,99060,30,female,rileymouth,us
25,74573,28,male,christopherville,us
26,73759,26,male,meganbury,us
27,12124,56,female,davebury,us
28,58766,38,male,west ronald,us
29,18151,59,female,port dustinbury,us
30,15928,46,female,north davidborough,us
31,89473,28,female,south christopherville,us
32,14769,29,male,east susanburgh,us
33,26239,46,male,clarkton,us
34,99043,37,male,new ronaldville,us
35,44068,49,male,east charlesport,us
36,55913,30,male,whitehaven,us
37,71227,45,male,new craigfurt,us
38,36129,22,male,michaelfort,us
39,84680,23,female,lake emily,us
40,17608,27,male,port fernando,us
41,79399,47,male,davidmouth,us
42,97242,60,male,north thomas,us
43,63727,49,male,deborahfurt,us
44,96195,36,female,erictown,us
45,70024,22,male,west joanneside,us
46,46815,20,female,east kathleen,us
47,73154,53,male,chelseastad,us
48,87368,25,female,lake kyle,us
49,64318,31,female,north brookemouth,us
50,30981,38,female,east dana,us
51,59630,33,female,johnsonshire,us
52,64817,19,male,east seanview,us
53,30668,22,female,rosefort,us
54,83584,34,male,north troyport,us
55,71196,30,male,port mackenziechester,us
56,34641,32,male,port jessicatown,us
57,62666,57,male,stewartborough,us
58,11873,60,female,port emmaville,us
59,34963,56,male,new debraport,us
60,46697,44,male,north thomas,us
61,61995,45,female,north joshuamouth,us
62,25175,39,female,dennishaven,us
63,95299,40,female,darinberg,us
64,46491,29,male,north billyview,us
65,83184,54,male,staceyshire,us
66,15505,37,female,josephmouth,us
67,93904,53,male,watsonside,us
68,33368,59,male,south brenda,us
69,11166,55,female,east joseph,us
70,54238,30,male,jennifermouth,us
71,91335,38,male,north josephberg,us
72,86474,29,male,michaelside,us
73,26992,50,female,dannybury,us
74,16325,57,male,haydenhaven,us
75,19288,28,female,richardmouth,us
76,49220,54,male,rodriguezside,us
77,73068,32,female,rogersmouth,us
78,26295,23,female,wilsonfort,us
79,65906,26,female,west matthewberg,us
80,31830,56,female,drakeland,us
81,18629,30,male,east karaton,us
82,60438,38,male,north philliphaven,us
83,47987,27,female,morashire,us
84,99037,45,male,south christopher,us
85,38853,52,female,brendaburgh,us
86,66521,25,female,west danny,us
87,13620,60,female,goodwinborough,us
88,25585,24,female,sandersborough,us
89,94016,46,male,port jasonberg,us
90,23714,23,female,south nicholas,us
91,81616,58,female,north vanessa,us
92,73950,20,female,new richard,us
93,99119,29,female,richfort,us
94,99039,47,female,marthafort,us
95,93239,42,female,new chelsea,us
96,38675,31,female,west janicemouth,us
97,52182,19,male,new eddieview,us
98,88982,58,female,port nicholas,us
99,48585,18,female,jonesland,us
100,77702,24,female,north jeffreyton,us
101,49380,21,male,port meganmouth,us
102,31061,56,female,port diana,us
103,58669,44,female,santanahaven,us
104,14406,30,female,lake laurahaven,us
105,88661,39,female,lake ronaldborough,us
106,47966,40,male,petersenfort,us
107,60930,54,female,port michelle,us
108,12684,57,male,lake hunterhaven,us
109,84745,23,male,marvinfort,us
110,44341,26,male,kendrafurt,us
111,60289,41,female,east danielleberg,us
112,41319,27,male,jessicamouth,us
113,17278,39,female,south robertfort,us
114,88900,32,female,lake hollystad,us
115,63888,23,female,new stevenmouth,us
116,16164,57,male,south kimberlytown,us
117,14255,33,male,lake mario,us
118,81977,57,female,jamesfort,us
119,24548,34,male,new jaclynmouth,us
120,95258,21,female,lake jenniferport,us
121,26660,27,male,lloydville,us
122,78027,60,female,north kimberly,us
123,68271,49,male,katherinemouth,us
124,56734,26,female,north rachelton,us
125,73722,56,female,rachelhaven,us
126,97360,30,female,east clayton,us
127,92238,46,male,hunterville,us
128,29095,38,female,snowchester,us
129,21014,25,male,south bryanchester,us
130,30467,22,female,port seanchester,us
131,13949,28,female,calhounmouth,us
132,43106,50,female,west chadstad,us
133,13850,23,male,michaeltown,us
134,40211,48,male,chadberg,us
135,37260,49,female,east donnaville,us
136,10941,19,female,miketown,us
137,89278,57,female,port donald,us
138,69512,36,female,south maxwellview,us
139,27060,48,female,east michaelfort,us
140,48355,41,female,sharonside,us
141,93350,53,male,jackland,us
142,23445,52,male,ericberg,us
143,26414,32,female,west william,us
144,41019,22,female,west nathan,us
145,96926,59,male,port davidtown,us
146,61616,20,female,lake charleschester,us
147,49241,42,female,yangberg,us
148,87473,37,male,evansstad,us
149,21082,24,female,south cynthia,us
150,93498,51,male,south rickychester,us
151,52030,55,female,harrisport,us
152,71720,54,male,east lauraview,us
153,24700,35,female,port jacqueline,us
154,62268,34,female,port robert,us
155,32903,35,female,south matthew,us
156,78596,58,male,west steven,us
157,93532,57,female,south kariport,us
158,10241,51,female,montgomerytown,us
159,38669,42,male,dannyport,us
160,81461,58,male,south jasmine,us
161,71791,37,male,lake tylerbury,us
162,81269,30,male,ramireztown,us
163,25837,20,male,nicoleton,us
164,10033,52,male,raymondshire,us
165,61935,32,female,garciaview,us
166,56376,54,male,monicaborough,us
167,88041,58,female,north chadview,us
168,50056,41,female,davidbury,us
169,31437,20,female,south michelleport,us
170,78135,47,female,new alexandra,us
171,37561,23,female,south stephanieside,us
172,62876,30,female,kellystad,us
173,84479,27,female,east david,us
174,25796,55,female,moralesmouth,us
175,28288,30,male,michaelfort,us
176,64408,25,female,south tracy,us
177,75741,58,male,trevorton,us
178,68193,48,female,douglasfort,us
179,16868,36,male,north michael,us
180,61244,30,male,port alisonland,us
181,20665,34,female,smithton,us
182,25224,34,female,west morganport,us
183,39712,27,male,port ashley,us
184,35061,43,female,south stevenmouth,us
185,60348,38,male,west robert,us
186,67051,38,female,south sarah,us
187,29333,28,male,davidburgh,us
188,68212,49,male,kristinafurt,us
189,66005,45,female,pricebury,us
190,35715,32,female,bentleyshire,us
191,16526,19,female,johnsonland,us
192,34478,19,male,brianburgh,us
193,40548,18,female,cheyennehaven,us
194,47280,48,female,robertton,us
195,92821,50,male,carpenterfort,us
196,43390,26,male,lewisview,us
197,15535,33,female,north franciscotown,us
198,47985,36,male,east brycechester,us
199,99195,18,male,new randy,us
200,38963,31,female,leeville,us
201,89476,22,male,port luisside,us
202,69735,35,male,jonathanhaven,us
203,15813,29,male,west christopher,us
204,78749,38,male,jacobborough,us
205,42935,38,male,larryfurt,us
206,43376,55,female,cooperbury,us
207,15833,48,male,sarahland,us
208,11206,35,female,simpsonmouth,us
209,16221,45,male,wernermouth,us
210,67685,27,female,north christopherville,us
211,30158,44,male,hensonborough,us
212,67755,49,male,port ronaldfurt,us
213,15157,54,female,east tracy,us
214,26788,23,male,sarahmouth,us
215,66995,39,female,new rachelside,us
216,36369,35,female,kimberlyhaven,us
217,89255,30,male,herreraview,us
218,45723,49,male,north david,us
219,22963,21,female,lake robert,us
220,38582,24,female,nicholetown,us
221,80192,36,female,trevinoville,us
222,60422,58,female,davidshire,us
223,57042,50,male,lake jennifer,us
224,81648,54,male,jeffreybury,us
225,18491,20,male,emilybury,us
226,58915,29,male,mitchellburgh,us
227,27994,59,male,new williamstad,us
228,86733,33,male,port davidfurt,us
229,30348,19,female,new vickie,us
230,27770,39,female,port rose,us
231,75108,49,female,east jessica,us
232,40630,31,female,gomezshire,us
233,27372,46,male,lesterville,us
234,90742,31,female,new caitlinfort,us
235,69716,26,female,alexanderbury,us
236,82813,56,female,lake natasha,us
237,73034,26,female,janetland,us
238,43968,59,male,new richard,us
239,51473,35,female,patrickton,us
240,37349,59,female,west jessicabury,us
241,54979,41,male,barnettbury,us
242,44092,34,female,emilyport,us
243,12225,53,female,ashleyton,us
244,92632,59,male,west andrew,us
245,92290,44,female,north johntown,us
246,39592,47,male,carlton,us
247,55210,43,male,taylorborough,us
248,68846,51,male,thomasport,us
249,33191,47,male,jessicachester,us
250,60157,52,male,south patriciaside,us
251,79643,37,female,maloneshire,us
252,26068,21,female,finleyburgh,us
253,10407,46,male,new misty,us
254,77362,39,male,north mark,us
255,33104,54,male,north sue,us
256,32130,39,female,lake christian,us
257,88365,54,male,new courtneyberg,us
258,90601,39,female,west matthewfurt,us
259,13573,45,male,south christopherport,us
260,98033,32,female,south joel,us
261,56636,48,female,lake karen,us
262,54255,29,male,lindafurt,us
263,11937,48,male,alyssaport,us
264,82148,42,male,maddenside,us
265,84776,35,male,sarahton,us
266,69758,57,male,griffithfurt,us
267,55428,58,male,williamsview,us
268,14492,26,female,erinshire,us
269,47981,32,female,port allison,us
270,54601,49,female,goodview,us
271,37390,56,female,new tinabury,us
272,86827,32,female,franciscoberg,us
273,53340,60,male,new lisashire,us
274,30469,57,male,michaelport,us
275,52336,18,male,pattonchester,us
276,32286,25,male,port donaldton,us
277,67919,20,male,west sarah,us
278,72968,51,female,julieborough,us
279,19207,19,male,ramirezburgh,us
280,79406,46,male,north donna,us
281,30630,50,male,new crystalside,us
282,89304,46,male,fischerview,us
283,50815,56,male,alexanderview,us
284,43841,28,female,veronicaborough,us
285,66583,27,male,port adam,us
286,77022,22,female,port donna,us
287,83830,28,female,wardton,us
288,83609,30,female,fieldsbury,us
289,12056,41,female,allisonburgh,us
290,99162,25,male,lake michael,us
291,75141,60,female,lake jillshire,us
292,41729,59,male,jacobchester,us
293,20213,35,female,youngmouth,us
294,76702,52,female,east frankland,us
295,65934,29,male,shepardview,us
296,67306,52,male,chelsealand,us
297,50241,58,female,south alexview,us
298,36579,31,female,hughesfurt,us
299,15035,47,female,gomezshire,us
300,26621,34,female,marktown,us
301,62178,25,female,mccallberg,us
302,15450,32,male,new michellestad,us
303,10588,21,female,east jenniferside,us
304,71748,22,female,west sarahtown,us
305,51261,25,female,whiteheadview,us
306,63269,24,male,new dylan,us
307,50120,18,female,east davidberg,us
308,73031,27,female,lake madisonton,us
309,82737,29,female,herringstad,us
310,86792,51,female,north anitaview,us
311,36424,48,male,markview,us
312,43979,20,female,lutzberg,us
313,68828,27,female,north cynthia,us
314,33195,56,male,port leslieland,us
315,35282,32,female,carrmouth,us
316,78454,46,male,lake matthew,us
317,95879,20,male,south kelsey,us
318,17492,54,female,port zacharytown,us
319,20484,51,female,south cathyshire,us
320,69189,26,female,marthahaven,us
321,57455,19,female,east logantown,us
322,33933,36,female,north matthew,us
323,89623,33,female,north robert,us
324,18131,38,male,lauraton,us
325,88702,55,male,west samantha,us
326,20147,59,female,brownstad,us
327,89186,24,male,emilyshire,us
328,69459,46,female,whitemouth,us
329,44622,35,male,south caleb,us
330,22622,56,female,north michaelburgh,us
331,62922,54,male,west stephenside,us
332,75015,41,male,millerton,us
333,80203,47,male,gibbsview,us
334,13643,58,male,port margaretmouth,us
335,56995,25,female,south tammyberg,us
336,77711,51,female,susantown,us
337,59373,60,female,ericside,us
338,29252,43,male,east kimberly,us
339,30837,43,male,new mark,us
340,13125,38,female,benjaminfurt,us
341,15789,24,male,east cynthia,us
342,53066,49,female,east michael,us
343,31446,19,female,fordshire,us
344,28087,50,female,cunninghamtown,us
345,31252,30,female,lake peterburgh,us
346,29513,42,female,north madisonhaven,us
347,10484,26,male,north kimberlyville,us
348,85104,56,male,port eric,us
349,59790,35,female,south samuelmouth,us
350,42500,29,female,west william,us
351,79907,31,female,joneschester,us
352,84201,29,male,tammychester,us
353,67152,28,female,south patrick,us
354,61752,52,male,lake timothy,us
355,86202,33,female,port johnnyview,us
356,79020,20,male,amyfort,us
357,41066,37,male,billymouth,us
358,61219,23,male,new natalieton,us
359,28901,54,male,johnsonchester,us
360,61525,18,male,middletonmouth,us
361,89191,42,female,martinmouth,us
362,72175,41,male,mooreport,us
363,76002,43,male,west michaelstad,us
364,71954,29,male,east natalieview,us
365,33186,36,male,kennethton,us
366,48156,40,female,johnsonchester,us
367,45267,46,male,lunastad,us
368,27584,60,male,north christie,us
369,31726,53,female,south barbaramouth,us
370,19983,42,female,port ronaldside,us
371,28127,23,male,east jared,us
372,39917,37,female,new derekfort,us
373,56789,33,female,jennifermouth,us
374,99678,20,male,port sydneychester,us
375,44310,43,male,west courtney,us
376,53488,33,female,south tracey,us
377,82807,46,female,jimmyfurt,us
378,55419,57,female,fryhaven,us
379,50128,31,male,forbesville,us
380,99579,41,female,east adam,us
381,88049,39,male,lake kimberlyborough,us
382,88090,42,female,west haleyburgh,us
383,59264,32,female,port barryville,us
384,57469,54,male,floresmouth,us
385,58377,40,female,elizabethbury,us
386,30846,38,female,port melissaburgh,us
387,13379,51,female,new robert,us
388,96592,58,female,south jean,us
389,63086,41,male,andrewberg,us
390,60884,34,female,south annette,us
391,59158,37,female,lake briannamouth,us
392,40552,52,female,williamsville,us
393,45217,50,female,piercefurt,us
394,44774,37,male,east amber,us
395,30911,39,female,melissaberg,us
396,69889,26,male,north timothyshire,us
397,63737,35,female,west timothyville,us
398,48888,22,female,west lisa,us
399,28170,40,male,port elizabethshire,us
400,83233,59,male,north antonio,us
401,62999,43,male,kleinville,us
402,71992,37,female,nancymouth,us
403,22783,38,male,east jeremyport,us
404,45973,38,male,north tyler,us
405,76712,47,male,christopherport,us
406,85191,20,male,perezstad,us
407,59959,50,male,east keith,us
408,36124,29,male,kellerstad,us
409,47080,59,male,salazarville,us
410,62585,35,male,vincentfort,us
411,39969,56,female,crystalstad,us
412,66612,58,female,michaelfurt,us
413,47107,45,male,south rebeccaville,us
414,68456,27,female,west sarah,us
415,34502,21,female,victorville,us
416,99273,50,male,hestermouth,us
417,77309,59,female,whitneyshire,us
418,91014,51,female,lake reginald,us
419,50790,20,female,hallhaven,us
420,99642,20,male,north thomasfurt,us
421,39802,23,male,joyceshire,us
422,15300,50,female,davisborough,us
423,52835,41,female,north henry,us
424,57730,49,male,east stephanietown,us
425,80068,31,female,east darrenborough,us
426,20690,29,female,gonzaleztown,us
427,78186,49,female,jonesburgh,us
428,40710,50,male,south patrick,us
429,10048,54,female,clarkton,us
430,90709,35,female,anthonystad,us
431,58164,40,female,ericaberg,us
432,88106,47,female,west sierraville,us
433,45765,36,female,lake donaldberg,us
434,59664,35,male,new theresa,us
435,51882,43,female,south william,us
436,25773,55,female,lake rhondaville,us
437,76715,37,male,harrisonmouth,us
438,81797,55,male,davidview,us
439,59444,58,male,new williambury,us
440,69480,33,male,west timothy,us
441,63776,49,male,south jennifertown,us
442,82412,39,male,benjaminmouth,us
443,39357,35,male,allenfort,us
444,72271,22,female,east scott,us
445,57182,40,male,greeneberg,us
446,78469,36,male,east kevinhaven,us
447,92693,38,male,north ericton,us
448,53835,18,female,port rachel,us
449,61157,31,male,south tyler,us
450,31956,32,female,williamsmouth,us
451,99402,18,male,lake mark,us
452,78053,25,male,hernandezfort,us
453,96927,31,male,new scott,us
454,41846,47,female,steinmouth,us
455,82852,44,female,north bradley,us
456,27585,26,female,south morgan,us
457,89950,59,male,lake gabrielle,us
458,77596,26,male,middletonport,us
459,99525,43,male,trevorborough,us
460,31392,47,male,angelastad,us
461,67428,25,female,gonzalesmouth,us
462,71416,18,male,east jeffreyville,us
463,30417,21,female,sampsonside,us
464,37527,26,female,janettown,us
465,63233,26,male,north melissa,us
466,86739,24,male,fernandeztown,us
467,97656,43,female,new dawn,us
468,74187,41,female,omarside,us
469,18656,38,female,new tarafort,us
470,12004,60,female,south christina,us
471,57187,38,female,christophertown,us
472,41342,50,male,new michellehaven,us
473,58170,44,female,south jonathan,us
474,87793,27,male,ramirezbury,us
475,60163,52,male,reesemouth,us
476,39924,52,female,selenaton,us
477,30288,48,male,courtneyshire,us
478,73575,46,male,new timothymouth,us
479,60532,37,male,north ryanberg,us
480,28578,45,female,north janicebury,us
481,14166,43,female,josephville,us
482,55065,42,female,nathanielborough,us
483,81004,40,female,west zacharytown,us
484,31158,35,male,weissview,us
485,53460,20,female,west wendy,us
486,23018,32,male,mosesland,us
487,42967,26,male,new charlesshire,us
488,26811,21,male,johnsonbury,us
489,55524,34,female,new maryborough,us
490,33224,32,female,south james,us
491,67538,30,male,ericstad,us
492,81732,51,female,east steven,us
493,51121,54,female,west ann,us
494,10059,31,male,lake loriport,us
495,52371,28,female,north cherylport,us
496,25028,28,female,lake joshua,us
497,36399,59,male,michelleland,us
498,64344,20,female,martinezshire,us
499,70680,26,female,grantbury,us
500,92355,46,female,nunezport,us
501,14108,36,male,port alanview,us
502,19984,24,male,loganside,us
503,95654,27,female,brandonbury,us
504,77712,60,female,west carla,us
505,60936,47,female,campbellbury,us
506,43222,27,male,reneeside,us
507,74159,31,female,ericksonchester,us
508,59082,58,female,new brett,us
509,72563,49,male,johnsonland,us
510,50409,21,male,port ianberg,us
511,67366,52,male,port michaelchester,us
512,26326,55,male,south juan,us
513,62981,25,male,ruizton,us
514,31526,28,male,jamesberg,us
515,39007,32,female,kristinaburgh,us
516,82309,58,female,amyburgh,us
517,40491,51,female,schaeferburgh,us
518,41896,21,male,port bonnie,us
519,32020,53,female,new vanessa,us
520,12757,22,female,tylerborough,us
521,18174,31,female,jacksonhaven,us
522,60843,60,male,south amanda,us
523,74642,42,female,east melissaside,us
524,11527,19,male,north suzannebury,us
525,61887,21,male,craigchester,us
526,55258,42,male,scottland,us
527,30672,43,male,lake jason,us
528,15943,52,male,new lisamouth,us
529,42635,52,female,mckinneyberg,us
530,88619,31,female,alexanderberg,us
531,56032,36,male,michaelport,us
532,75765,55,female,dennisfort,us
533,36162,40,male,morganport,us
534,67720,40,female,south lori,us
535,53499,54,female,melissafurt,us
536,61886,57,male,dominguezhaven,us
537,49046,42,male,east ryan,us
538,44754,37,female,new donald,us
539,88297,40,male,starkview,us
540,66809,30,female,stephenhaven,us
541,16836,50,male,west stephen,us
542,19014,38,female,east carlaview,us
543,10137,46,male,east christine,us
544,96676,28,female,chelseaview,us
545,11181,26,female,north cathyburgh,us
546,50685,53,female,south madeline,us
547,57615,35,female,christopherchester,us
548,25117,59,male,port geraldside,us
549,45722,19,female,joannafurt,us
550,35796,48,female,jackburgh,us
551,75051,47,male,new brittany,us
552,63436,31,female,north brian,us
553,89230,48,male,lake deborahberg,us
554,75858,48,male,south kyleborough,us
555,18056,21,female,teresamouth,us
556,96117,52,male,toddfort,us
557,89818,20,female,josephland,us
558,70117,50,female,north william,us
559,83259,22,male,franklinchester,us
560,97941,41,male,new sandra,us
561,26567,43,male,new kiaraburgh,us
562,73213,19,male,glendaville,us
563,99728,22,male,bakerville,us
564,93267,50,male,williamside,us
565,19795,28,female,north cathyberg,us
566,26104,38,female,cruzfort,us
567,13545,26,male,crystalberg,us
568,21151,36,female,schneiderbury,us
569,16384,46,male,south robyn,us
570,13618,43,female,new kimberlyberg,us
571,83435,59,female,richardside,us
572,17179,33,male,johnsberg,us
573,83474,22,female,lake jared,us
574,32066,47,male,new terrenceview,us
575,43123,49,male,south gail,us
576,93408,38,male,new kimland,us
577,11344,30,female,ericberg,us
578,76493,30,male,north stephanie,us
579,10842,46,male,marymouth,us
580,85806,30,male,north nathanview,us
581,69121,39,male,faithfort,us
582,80215,22,male,north lesliefurt,us
583,62861,27,male,arnoldhaven,us
584,19702,23,female,east dawn,us
585,77035,27,male,eddieland,us
586,28766,23,male,north patrick,us
587,84082,29,male,lake carlosview,us
588,84093,42,female,michaelfort,us
589,62707,52,male,juliemouth,us
590,77162,43,female,jessehaven,us
591,14927,41,female,harringtonstad,us
592,54861,58,male,east autumnfort,us
593,24542,30,male,ryanbury,us
594,81532,41,male,new williamton,us
595,84698,27,female,bernardstad,us
596,33569,30,female,josephfort,us
597,64930,53,female,port deborahbury,us
598,95767,27,female,newtonstad,us
599,99576,23,male,north kathleen,us
600,72945,27,male,port paul,us
601,47720,55,male,lewistown,us
602,69537,34,female,new scott,us
603,85810,26,male,tiffanyshire,us
604,92379,60,male,new russell,us
605,41093,38,male,parkerbury,us
606,37704,37,male,sydneyside,us
607,86959,38,male,sheribury,us
608,88554,45,female,claireberg,us
609,52212,60,female,east megan,us
610,43646,59,female,new janet,us
611,88177,45,female,south timothyburgh,us
612,88685,33,female,catherineland,us
613,80886,24,female,conwayport,us
614,61076,23,female,williamstad,us
615,63308,26,male,jessicaton,us
616,35177,18,female,new marie,us
617,83035,48,female,millerhaven,us
618,47718,39,male,barnesmouth,us
619,98305,46,female,brownville,us
620,17696,47,male,tonyaview,us
621,90607,44,female,parkerchester,us
622,73139,60,female,jeffreyland,us
623,20509,57,male,new veronicashire,us
624,77248,57,male,stephanieville,us
625,83860,37,female,north blake,us
626,22514,24,male,christophershire,us
627,61300,50,female,port patricia,us
628,90100,24,male,west kenneth,us
629,34078,47,male,east david,us
630,39925,39,female,tylerport,us
631,29040,18,female,jamesberg,us
632,97010,49,female,dicksonburgh,us
633,36066,23,female,west amandafort,us
634,98880,25,female,port lisa,us
635,45501,47,female,lake hollyview,us
636,88528,19,male,north patricia,us
637,37149,18,female,south davidfort,us
638,80588,29,male,new lucasbury,us
639,97793,59,female,south leslie,us
640,68011,23,female,lake dana,us
641,46089,24,female,north michael,us
642,45672,35,female,amandaport,us
643,38556,19,male,andrealand,us
644,32963,45,female,wilsonshire,us
645,95419,35,male,new melissamouth,us
646,28898,31,female,greenside,us
647,35569,31,female,lake casey,us
648,67736,52,male,nicholaston,us
649,55131,27,female,fitzgeraldfurt,us
650,82034,53,female,port jennifer,us
651,80921,20,female,lake austin,us
652,90832,21,female,blackshire,us
653,64507,51,male,south james,us
654,21498,22,male,new richardhaven,us
655,98275,21,female,curryburgh,us
656,14231,41,male,east john,us
657,88447,57,female,russellside,us
658,37868,39,female,east travis,us
659,35095,22,male,new davidborough,us
660,82120,25,female,burkeview,us
661,98166,48,male,bowmantown,us
662,55979,32,male,tinaborough,us
663,94475,25,male,east scotthaven,us
664,99405,57,male,port adrian,us
665,41011,58,female,ruizview,us
666,95060,47,male,philipport,us
667,97930,45,female,new davidfort,us
668,58571,39,female,east michellechester,us
669,41466,47,female,south justinhaven,us
670,93014,25,male,jocelynberg,us
671,25172,20,female,lukeland,us
672,57119,42,male,east virginia,us
673,78346,21,female,curtisfurt,us
674,61742,40,male,east scottport,us
675,92503,25,male,new jacob,us
676,88952,39,male,bellshire,us
677,29477,59,male,bakerborough,us
678,25305,32,female,east scott,us
679,80284,42,male,gileston,us
680,49174,24,female,berrystad,us
681,94854,31,female,north troyhaven,us
682,15600,46,male,port jennifershire,us
683,21307,57,female,underwoodshire,us
684,43666,50,male,martinville,us
685,98975,49,male,south debra,us
686,92319,55,female,north jeremy,us
687,88783,23,female,port dana,us
688,30230,18,female,north daniel,us
689,22512,39,female,cindyshire,us
690,43812,59,male,braunland,us
691,28528,38,female,brownmouth,us
692,43284,37,female,myerstown,us
693,48860,45,female,east kimberly,us
694,87667,39,male,east monique,us
695,37918,50,female,florestown,us
696,42831,39,male,laneside,us
697,26930,34,female,jenniferside,us
698,60887,20,female,west cody,us
699,95071,26,female,joelview,us
700,50144,51,female,west dustintown,us
701,60635,39,male,williamsport,us
702,76898,53,female,mcdonaldshire,us
703,77837,29,male,east mary,us
704,44968,60,male,port paulview,us
705,35931,32,female,beardview,us
706,77552,25,male,andersonfort,us
707,45144,31,female,lake alexis,us
708,54418,47,male,jeanetteville,us
709,96186,45,female,south kyleborough,us
710,53309,60,female,chanberg,us
711,94013,38,male,east michaelfort,us
712,67856,29,female,lake mary,us
713,66057,32,female,ortizshire,us
714,23836,29,female,new laurenberg,us
715,22590,47,male,port aliciafurt,us
716,95797,37,female,youngville,us
717,65293,33,male,lake maryburgh,us
718,49501,53,female,alisonside,us
719,97659,56,female,aaronberg,us
720,10199,51,female,west karenmouth,us
721,36004,54,female,west nicole,us
722,84907,42,female,greenburgh,us
723,68946,28,male,smithtown,us
724,24042,42,male,jennyport,us
725,81404,26,male,new kimberlyland,us
726,23416,60,female,joybury,us
727,24583,25,male,south gabriel,us
728,70980,41,female,rebeccaburgh,us
729,67652,44,male,new nicholasville,us
730,23165,27,female,christopherfurt,us
731,43618,54,male,perezhaven,us
732,83367,21,male,jacobtown,us
733,87203,40,male,wallerbury,us
734,47131,25,female,williamfort,us
735,92429,59,male,gilmoreview,us
736,55165,24,female,kimberlyburgh,us
737,39129,28,female,morristown,us
738,58799,36,male,howellport,us
739,98552,25,female,north tina,us
740,70199,38,female,east lisa,us
741,88857,49,female,andreaton,us
742,74427,44,female,mcclainmouth,us
743,58200,51,male,east ashleyland,us
744,74271,47,male,lake christopher,us
745,98052,36,male,austinborough,us
746,20317,27,female,johnsonfort,us
747,54922,60,female,east christinachester,us
748,68835,44,female,calebton,us
749,21281,48,male,nicholaschester,us
750,59934,57,male,west todd,us
751,62499,23,male,lake ryanport,us
752,98256,44,female,moorechester,us
753,61758,18,male,terrystad,us
754,49853,39,male,meyersshire,us
755,94712,37,female,west benjamin,us
756,67560,51,male,collinsbury,us
757,53437,49,male,south andrew,us
758,54414,37,female,east lydia,us
759,75157,18,female,port coryton,us
760,39993,41,female,north destiny,us
761,99007,55,male,leonardburgh,us
762,47937,44,male,alexanderside,us
763,14962,25,female,south eric,us
764,23973,58,male,south lisaport,us
765,50011,28,male,petershire,us
766,45022,21,female,kathleenland,us
767,17844,22,female,jeffreymouth,us
768,93046,23,female,amyborough,us
769,59494,49,male,south billyland,us
770,58345,34,female,west kyletown,us
771,14337,52,female,east nancyburgh,us
772,71568,48,female,new donaldside,us
773,27688,33,male,north jennaville,us
774,36446,41,female,south ryanville,us
775,72073,39,female,benitezburgh,us
776,80760,49,male,east melissachester,us
777,77036,44,male,north courtney,us
778,14599,26,male,north jessica,us
779,59563,46,male,allisonmouth,us
780,83622,59,female,stoutbury,us
781,84185,41,male,east cassidystad,us
782,47175,47,male,williamtown,us
783,11045,55,male,east jonathanborough,us
784,95522,44,female,east darrell,us
785,74166,27,female,estradaview,us
786,44176,27,male,port billy,us
787,96053,41,female,lisamouth,us
788,36228,57,female,new lauraberg,us
789,92875,40,female,manuelville,us
790,90947,26,female,west lauren,us
791,23519,56,male,kimfurt,us
792,83049,29,male,anthonymouth,us
793,40352,40,male,johnsonchester,us
794,80396,43,female,kimberlyburgh,us
795,44332,38,female,lake tinaland,us
796,53899,29,female,smithview,us
797,39717,59,female,west mike,us
798,78653,32,female,east tylershire,us
799,89981,31,male,south justinton,us
800,43823,22,male,north laurenburgh,us
801,53174,54,female,south jim,us
802,81910,56,female,north dawn,us
803,34834,40,female,liumouth,us
804,87745,30,female,tamarastad,us
805,57869,35,female,port latoyachester,us
806,57668,30,female,south molly,us
807,39890,55,female,durantown,us
808,97413,59,female,new kaitlin,us
809,64182,40,female,martinchester,us
810,59974,25,male,wilcoxborough,us
811,43121,48,male,lake sarahshire,us
812,10290,32,male,rhondaburgh,us
813,22942,28,female,west gregory,us
814,43634,29,male,floreschester,us
815,74289,58,male,wilsonmouth,us
816,43686,58,male,jenniferfurt,us
817,89681,18,female,south sharonhaven,us
818,75814,34,male,south joseph,us
819,96000,59,male,bowentown,us
820,64328,24,female,port joshuatown,us
821,13842,24,male,sheltonfurt,us
822,79930,18,female,andreahaven,us
823,68314,24,male,laneshire,us
824,13275,18,female,jasonchester,us
825,18740,37,male,north frederick,us
826,89474,51,female,fullerfort,us
827,51372,27,female,daltonberg,us
828,74060,38,female,travishaven,us
829,39369,23,female,west sandraview,us
830,61621,58,male,west patriciahaven,us
831,28305,28,female,north sarah,us
832,35501,21,male,north tracyland,us
833,78621,32,male,east courtneyshire,us
834,27744,24,male,christopherstad,us
835,27115,40,female,durhamton,us
836,53232,32,female,north claudiaville,us
837,50165,32,female,wendystad,us
838,33657,26,female,lake karenfurt,us
839,63031,27,female,north robert,us
840,44971,42,female,reynoldsfort,us
841,59384,45,female,south lisa,us
842,65585,58,female,west charles,us
843,27937,54,female,morrisport,us
844,68965,43,female,johnmouth,us
845,26718,26,female,lindafort,us
846,22700,25,female,danielburgh,us
847,21466,49,male,frankstad,us
848,96826,52,male,north nicholasmouth,us
849,50591,55,female,melissatown,us
850,34801,36,female,danielleburgh,us
851,83108,41,male,south susan,us
852,20401,20,male,peggyville,us
853,16683,52,female,garnerfurt,us
854,70799,46,male,alvaradoberg,us
855,17563,22,male,east crystalfurt,us
856,89627,56,male,west christophershire,us
857,23063,44,female,port julie,us
858,49600,52,male,barrerahaven,us
859,69324,56,male,kathrynburgh,us
860,94776,29,female,greenburgh,us
861,31212,31,male,east danastad,us
862,98570,18,male,boothland,us
863,53517,51,female,roblesport,us
864,17374,36,female,west gregory,us
865,39645,47,female,north david,us
866,67668,56,female,garciabury,us
867,25870,28,female,dennisbury,us
868,90863,54,female,donnamouth,us
869,87298,49,male,valenzuelaview,us
870,48796,57,female,new gabrielleburgh,us
871,45597,49,female,new amy,us
872,24437,48,male,scottville,us
873,16363,48,male,morenohaven,us
874,83593,46,male,bergmouth,us
875,89719,31,male,jeremymouth,us
876,74799,45,male,new jennifer,us
877,13414,57,female,draketown,us
878,21016,47,female,port devonville,us
879,17203,47,female,rebeccaborough,us
880,18219,18,female,port jerryburgh,us
881,57165,47,male,downshaven,us
882,91212,27,female,paulaborough,us
883,61398,31,female,new jillianshire,us
884,10963,56,female,rojaschester,us
885,30115,41,female,north beth,us
886,26949,41,female,karenport,us
887,69297,31,male,alexandrafort,us
888,53213,39,male,zacharyport,us
889,68152,43,female,richardmouth,us
890,62899,19,male,sarahtown,us
891,38056,28,female,mullinsfurt,us
892,66173,25,male,east thomas,us
893,32388,46,female,north molly,us
894,45478,44,male,new melissa,us
895,96686,35,female,martinezbury,us
896,66888,39,male,north megan,us
897,17130,50,female,lake joland,us
898,22382,19,female,east anna,us
899,94684,50,male,michaelville,us
900,59370,49,male,martinezshire,us
901,78455,21,female,new jeffrey,us
902,88275,24,female,morrisonville,us
903,28394,49,female,larsenville,us
904,34705,29,male,east sandy,us
905,44827,24,female,lauramouth,us
906,32170,34,male,benitezmouth,us
907,81596,28,female,port christophertown,us
908,18166,38,male,west ryan,us
909,42535,51,male,sarashire,us
910,26240,53,male,cameronfort,us
911,48920,42,male,south monica,us
912,17742,33,female,martinland,us
913,83445,46,male,sherrytown,us
914,91312,40,female,port donald,us
915,83113,58,male,erinmouth,us
916,18861,55,female,fuentesview,us
917,71370,29,female,anthonytown,us
918,69720,55,female,east lindsayport,us
919,53195,59,female,catherinefort,us
920,68285,33,female,new markberg,us
921,64277,33,male,west melissashire,us
922,30535,38,male,south michellehaven,us
923,69352,28,female,south lori,us
924,54509,45,male,lake sarah,us
925,57130,30,male,port christopher,us
926,41759,47,female,east timothyborough,us
927,13631,48,female,riverastad,us
928,87320,20,male,scotthaven,us
929,15030,49,female,morganchester,us
930,39206,54,male,smithfurt,us
931,54164,52,male,new michael,us
932,31330,23,female,lake jennifer,us
933,36175,59,female,west jillberg,us
934,49557,40,female,jenniferburgh,us
935,63179,18,female,lake stephanieland,us
936,34354,22,female,jenkinsland,us
937,98683,37,female,new carlos,us
938,52469,27,male,gallowayville,us
939,32222,46,female,port catherine,us
940,89733,26,male,port susanview,us
941,38023,57,female,south charleston,us
942,87886,32,female,east travis,us
943,96316,36,male,new kelly,us
944,84436,22,male,east nathanside,us
945,10107,43,male,dianaside,us
946,39646,46,male,alexanderchester,us
947,56404,27,male,west sydneystad,us
948,49373,54,male,west benjamin,us
949,11900,41,female,smithbury,us
950,66446,30,female,cartertown,us
951,33003,55,female,medinatown,us
952,97666,52,female,port christopherfurt,us
953,60287,37,female,lake jeffrey,us
954,81827,49,male,north michellefurt,us
955,63133,37,female,georgefurt,us
956,13447,28,female,crystalhaven,us
957,36344,60,female,caitlinton,us
958,64420,28,male,palmerton,us
959,36211,54,female,stephenburgh,us
960,35847,43,female,north james,us
961,48490,41,male,markport,us
962,28859,51,female,new jennifer,us
963,46137,31,male,south laurenville,us
964,84560,23,male,martinfurt,us
965,39094,29,male,gillberg,us
966,83412,34,female,stephensonstad,us
967,16030,45,female,east william,us
968,73731,30,male,new jessica,us
969,80817,44,female,east nicholeport,us
970,13692,26,male,danielhaven,us
971,91142,29,female,new robert,us
972,11730,50,male,devinhaven,us
973,38333,58,female,estradaview,us
974,64625,35,male,port johnview,us
975,35323,56,male,elizabethview,us
976,74497,58,male,mariahton,us
977,44716,35,male,west justinmouth,us
978,40487,29,male,port james,us
979,99790,51,male,martinezview,us
980,97136,27,male,west rebecca,us
981,13521,19,female,new ryanville,us
982,77001,21,female,jillville,us
983,75552,55,female,craigstad,us
984,33523,57,female,port david,us
985,48626,55,male,south rachel,us
986,42387,35,female,north tim,us
987,35262,25,male,ronaldmouth,us
988,23539,46,female,south lisa,us
989,56037,19,male,north sarah,us
990,70412,37,male,tatemouth,us
991,89913,51,male,timothyport,us
992,15980,38,male,vaughnland,us
993,70763,37,female,north kathryn,us
994,61628,32,male,west connie,us
995,65749,39,male,tinatown,us
996,84191,21,female,south valeriechester,us
997,78651,25,female,jeremybury,us
998,31371,51,female,north amandaberg,us
999,48791,57,female,toddbury,us
1000,66633,32,male,new carol,us
1001,34497,55,female,howardtown,us
1002,53875,55,female,north william,us
1003,89484,44,female,north jessica,us
1004,83652,44,female,lake franceshaven,us
1005,90638,41,male,mitchellland,us
1006,37364,40,male,lake saraview,us
1007,77136,57,male,jeffreyshire,us
1008,44125,41,female,port mariaberg,us
1009,15012,30,female,south sarahview,us
1010,53879,53,female,scottmouth,us
1011,52112,57,female,port michael,us
1012,57452,59,female,reneefurt,us
1013,36390,55,female,south tammieshire,us
1014,80575,29,female,richardtown,us
1015,81446,38,male,west andrewberg,us
1016,22153,51,male,north diana,us
1017,82919,56,male,tamarastad,us
1018,41774,26,male,port jeffreychester,us
1019,51600,52,female,andrewmouth,us
1020,46048,43,male,lewismouth,us
1021,11424,52,male,port aaron,us
1022,84955,48,male,north mitchellton,us
1023,97531,19,female,port jeremy,us
1024,43471,35,male,arielstad,us
1025,95806,34,female,triciafort,us
1026,90835,20,male,east davidborough,us
1027,40423,43,male,east danielside,us
1028,21998,19,female,chavezmouth,us
1029,61835,21,female,lake christinahaven,us
1030,92016,22,male,jacquelineborough,us
1031,26611,31,male,angelafurt,us
1032,87965,51,female,south ashleybury,us
1033,61466,48,female,angelaport,us
1034,25856,47,female,ashleyview,us
1035,77335,54,female,shannonville,us
1036,86960,34,male,marcusland,us
1037,67110,27,female,juliaville,us
1038,53133,20,female,new jamestown,us
1039,12397,31,male,west kaitlynville,us
1040,77741,35,female,south joyceview,us
1041,77463,36,female,kristenview,us
1042,36319,41,female,morrisonfort,us
1043,50214,56,female,alexisshire,us
1044,89100,43,female,danielland,us
1045,30128,18,female,bryantstad,us
1046,46483,48,male,lake isaac,us
1047,69551,24,male,greenville,us
1048,20883,59,male,new brett,us
1049,42896,44,male,tammymouth,us
1050,17474,28,male,santiagoburgh,us
1051,47320,30,female,williamshaven,us
1052,49693,29,female,sandymouth,us
1053,19844,49,male,mariamouth,us
1054,91571,46,male,west rachel,us
1055,48611,60,male,travismouth,us
1056,30678,37,male,west tammy,us
1057,24878,59,male,south seanfurt,us
1058,94747,22,male,west anthonytown,us
1059,70189,56,female,jasonburgh,us
1060,70976,36,female,lake katrinafurt,us
1061,83658,24,female,west danielton,us
1062,11375,46,female,rodneyshire,us
1063,47341,31,male,west timothymouth,us
1064,44798,43,female,jessehaven,us
1065,41205,60,female,millstown,us
1066,98902,37,male,floreshaven,us
1067,36601,41,female,new johnside,us
1068,51019,51,male,port jennifer,us
1069,84979,39,female,fernandezchester,us
1070,33552,31,male,bakerton,us
1071,57276,19,female,melindamouth,us
1072,92084,38,female,jeremytown,us
1073,17774,26,male,east wendymouth,us
1074,83897,43,male,north bob,us
1075,79965,49,female,new eric,us
1076,28291,25,female,new jacob,us
1077,60979,35,male,west keithshire,us
1078,12094,27,female,new samantha,us
1079,58179,43,male,matthewshire,us
1080,98632,36,female,michaelchester,us
1081,34605,20,female,staceyshire,us
1082,43071,22,female,east mary,us
1083,34313,22,female,port william,us
1084,24621,59,female,bonnieside,us
1085,91956,49,male,new gabrielview,us
1086,71336,40,female,seanfurt,us
1087,64865,21,female,connorberg,us
1088,44005,34,male,west seth,us
1089,20604,38,female,lauraview,us
1090,96831,48,male,lorichester,us
1091,37122,21,male,east brandi,us
1092,87935,53,male,hopkinsshire,us
1093,42011,36,female,west derekmouth,us
1094,63630,19,female,port brettfurt,us
1095,47931,51,female,south aaron,us
1096,90389,56,male,south christina,us
1097,73570,51,female,greenefurt,us
1098,63090,39,male,west gregorymouth,us
1099,25972,37,female,moorefurt,us
1100,39859,43,male,west andrew,us
1101,69982,44,male,timothystad,us
1102,76587,25,male,west ashley,us
1103,13744,44,male,dominguezview,us
1104,37133,57,female,alexisport,us
1105,91707,57,female,chungbury,us
1106,10876,37,male,port laura,us
1107,60718,60,female,port jon,us
1108,93300,42,female,port david,us
1109,61143,40,male,wardfort,us
1110,90314,28,male,north julie,us
1111,61934,19,female,cooperberg,us
1112,48027,59,male,greenbury,us
1113,70547,33,female,lake ian,us
1114,69768,34,male,lake rebeccachester,us
1115,36541,19,female,hannahchester,us
1116,23598,54,male,josephberg,us
1117,37435,32,female,davidstad,us
1118,37412,48,female,north daniel,us
1119,43080,53,male,justinton,us
1120,46572,49,male,danielview,us
1121,53822,22,female,melissaside,us
1122,83057,56,female,north matthewchester,us
1123,89614,49,male,nortonshire,us
1124,40001,20,female,south robertland,us
1125,87672,32,female,monicaside,us
1126,55067,20,male,north albert,us
1127,60655,29,female,lisastad,us
1128,53894,46,male,ryanville,us
1129,23767,43,male,east marcus,us
1130,82736,54,male,thomasland,us
1131,14282,44,female,jaredchester,us
1132,84725,22,male,south jamieland,us
1133,23511,28,female,west joe,us
1134,96149,41,female,east robin,us
1135,60421,22,female,gonzalezborough,us
1136,11495,18,female,robertborough,us
1137,76795,33,male,port karenstad,us
1138,93184,55,female,wendyhaven,us
1139,40601,55,male,rileyshire,us
1140,16705,59,male,west ryanville,us
1141,14907,60,male,west markport,us
1142,22823,24,female,port kristin,us
1143,84783,30,male,north peterberg,us
1144,52554,55,male,east john,us
1145,15189,46,male,south thomasside,us
1146,40818,22,male,meltonborough,us
1147,91682,23,female,west greggport,us
1148,23371,56,female,hayesfort,us
1149,44322,35,female,leemouth,us
1150,97697,57,male,new jason,us
1151,84709,53,female,bellview,us
1152,61195,27,female,east jessica,us
1153,80997,30,male,rodriguezbury,us
1154,89766,43,male,evelynshire,us
1155,46244,36,male,west seanborough,us
1156,39457,18,male,bethtown,us
1157,57228,53,male,south saratown,us
1158,84999,34,male,lake brandonchester,us
1159,91685,31,female,shawntown,us
1160,82850,25,male,rodriguezview,us
1161,15722,38,male,bradleystad,us
1162,95673,40,male,new hannahtown,us
1163,92602,56,male,port ashleyside,us
1164,14511,37,female,new bianca,us
1165,46650,28,female,north henryberg,us
1166,82698,56,female,east timothy,us
1167,89264,19,male,ricardoton,us
1168,78426,24,male,rosalesbury,us
1169,27048,50,female,vazquezmouth,us
1170,18697,39,female,east morgan,us
1171,25523,35,male,south monica,us
1172,74339,18,female,scottborough,us
1173,82010,56,female,new wandafurt,us
1174,30338,53,female,harmonberg,us
1175,16321,21,male,paulfort,us
1176,97320,49,male,carlsonchester,us
1177,53527,38,male,port caleb,us
1178,80080,34,female,west sandy,us
1179,49808,56,female,port william,us
1180,45700,46,male,kristinmouth,us
1181,51938,31,male,port cody,us
1182,49227,49,male,north john,us
1183,79982,47,female,west jason,us
1184,70925,34,male,west alexandra,us
1185,57782,52,male,royshire,us
1186,72454,22,female,frazierburgh,us
1187,93723,18,male,port alexandriaview,us
1188,44727,55,female,south philliptown,us
1189,89151,59,female,port bruce,us
1190,65779,53,female,pattyfurt,us
1191,15325,30,male,sandrashire,us
1192,87390,50,male,north austinside,us
1193,41010,25,male,port jessica,us
1194,65734,52,male,new kelly,us
1195,73761,47,female,lake charles,us
1196,29276,27,male,east dennis,us
1197,13635,25,male,hillhaven,us
1198,12664,39,male,owensburgh,us
1199,15043,28,female,lake michelle,us
1200,78372,24,male,gomezmouth,us
1201,13422,56,male,lebury,us
1202,43935,51,male,brownmouth,us
1203,74016,32,female,port javier,us
1204,24417,29,female,new jeffside,us
1205,62408,55,male,joshuaton,us
1206,51765,31,female,pennyshire,us
1207,34311,34,male,south kimberlyfort,us
1208,56449,43,female,ryanburgh,us
1209,14872,37,male,port ethan,us
1210,36048,60,female,cassieside,us
1211,85855,49,female,north jerryshire,us
1212,97636,38,male,lisamouth,us
1213,90134,36,female,joshuamouth,us
1214,59075,39,male,north dawn,us
1215,80348,53,female,port jessicaberg,us
1216,31554,44,female,robertside,us
1217,42916,21,male,courtneyview,us
1218,76537,32,male,new lindaland,us
1219,96021,54,female,stanleyville,us
1220,85460,56,male,stevensland,us
1221,23065,51,female,huffberg,us
1222,60053,32,male,south miranda,us
1223,14453,27,male,ronaldport,us
1224,28495,18,female,lake ashleyside,us
1225,51100,19,female,new elizabeth,us
1226,97824,49,male,port jeffreyhaven,us
1227,63524,19,female,new amber,us
1228,35792,41,female,angelaview,us
1229,17229,21,male,heatherport,us
1230,60342,51,male,north james,us
1231,49382,29,male,south kelly,us
1232,15526,60,female,grahamtown,us
1233,31825,57,female,west robertview,us
1234,62635,33,male,arianaland,us
1235,52935,47,male,lake bobby,us
1236,61558,45,female,ramirezborough,us
1237,76072,48,male,new brenda,us
1238,14783,47,male,muellerborough,us
1239,46827,30,male,port jack,us
1240,40347,53,male,north wandafurt,us
1241,62081,50,male,mccoytown,us
1242,29077,21,male,jenniferport,us
1243,95959,54,male,new jamesfort,us
1244,60098,23,male,new emilystad,us
1245,21701,21,female,coxshire,us
1246,15806,56,female,west donnaborough,us
1247,50666,19,male,joytown,us
1248,18921,52,male,savagefort,us
1249,36790,51,male,underwoodfurt,us
1250,78054,46,female,mcmahonberg,us
1251,10572,21,male,joneschester,us
1252,92055,47,female,stephanieburgh,us
1253,20496,32,female,stanleyborough,us
1254,74131,55,female,williamsview,us
1255,48242,25,female,meganchester,us
1256,87341,50,female,lake taraland,us
1257,71836,29,female,jenniferside,us
1258,58060,28,female,harveyport,us
1259,37598,38,female,fordmouth,us
1260,94653,21,male,port hannah,us
1261,57332,30,female,west deborahborough,us
1262,86931,55,female,lake alicia,us
1263,95963,58,male,east jessicaside,us
1264,86598,38,female,drakefort,us
1265,46416,28,male,north margaret,us
1266,66990,42,female,kevinton,us
1267,14294,59,female,east rodneyland,us
1268,16115,36,male,harrisonborough,us
1269,25342,25,male,shelbyburgh,us
1270,72146,57,female,north andrewberg,us
1271,67372,47,male,port jay,us
1272,93974,46,female,new dominique,us
1273,68859,51,female,riveraland,us
1274,18089,44,male,north danafurt,us
1275,44620,19,female,south joseville,us
1276,82830,33,male,north mitchell,us
1277,51732,46,male,port amanda,us
1278,90341,31,female,new zachary,us
1279,49179,56,female,east jacob,us
1280,18829,23,male,west robertchester,us
1281,76655,42,male,alyssaville,us
1282,58740,34,female,martinezburgh,us
1283,16453,25,female,everetttown,us
1284,84118,42,female,sarahshire,us
1285,51335,36,female,port andre,us
1286,14343,33,male,east lauramouth,us
1287,24687,52,male,west jonathanton,us
1288,23976,56,male,hallview,us
1289,87462,53,female,east amystad,us
1290,57423,39,male,samanthaton,us
1291,18213,22,male,carterstad,us
1292,46675,50,male,east tracybury,us
1293,36800,19,male,south michaelland,us
1294,31202,39,female,lake christine,us
1295,82517,29,male,west stephaniehaven,us
1296,59666,41,male,lake michaelmouth,us
1297,87658,37,female,south william,us
1298,68018,52,female,west theresa,us
1299,89667,40,female,matthewtown,us
1300,65576,50,male,west paulstad,us
1301,41328,37,female,port pamela,us
1302,59175,39,female,mannport,us
1303,97743,32,female,port jared,us
1304,59371,27,female,east james,us
1305,54176,47,female,curtisville,us
1306,89309,36,female,west ericstad,us
1307,70506,45,female,morganport,us
1308,52238,53,female,rodgersmouth,us
1309,98816,30,male,lake steven,us
1310,63638,34,female,logantown,us
1311,28989,39,female,markborough,us
1312,26028,36,male,michaelton,us
1313,22298,28,male,salasside,us
1314,93719,55,female,north spencer,us
1315,18596,42,female,north jamie,us
1316,94893,48,female,west nathan,us
1317,48931,19,female,melissatown,us
1318,54440,21,female,west fredland,us
1319,97373,34,male,knappberg,us
1320,96511,23,male,alvarezside,us
1321,97912,33,male,alexandertown,us
1322,20793,55,female,tuckertown,us
1323,42439,28,male,lake danielfurt,us
1324,23041,51,male,andersonfort,us
1325,85367,36,female,ashleytown,us
1326,79637,52,female,new jayburgh,us
1327,88002,44,male,south tonya,us
1328,69326,50,female,north william,us
1329,15939,46,male,gilmorefurt,us
1330,45128,24,male,morganside,us
1331,95570,34,female,port georgeton,us
1332,68658,24,female,beardview,us
1333,65632,41,female,port laura,us
1334,16119,57,female,lake sarahmouth,us
1335,60103,32,male,youngshire,us
1336,13025,18,female,new kimberly,us
1337,35466,31,male,port kelly,us
1338,80397,56,female,south monica,us
1339,91567,55,female,lake jonathanborough,us
1340,18233,22,male,loriberg,us
1341,98614,22,female,stokesfort,us
1342,23688,58,male,robertstad,us
1343,62313,41,female,lisachester,us
1344,98025,39,male,adrianmouth,us
1345,58097,39,male,north levi,us
1346,59179,37,male,harrischester,us
1347,42551,25,female,florestown,us
1348,37137,40,male,charlesport,us
1349,21221,58,male,east joe,us
1350,66954,51,female,kellyburgh,us
1351,41509,47,male,smithberg,us
1352,73686,42,male,north kylemouth,us
1353,45085,56,female,new stacey,us
1354,28398,56,female,kevinburgh,us
1355,52422,43,male,rasmussenport,us
1356,55887,19,female,olsonchester,us
1357,33261,49,male,clarkchester,us
1358,95501,60,female,henrymouth,us
1359,74408,37,male,conniemouth,us
1360,74804,30,female,daniellemouth,us
1361,18828,22,male,port kaitlynside,us
1362,47129,48,male,cindymouth,us
1363,95846,24,female,mooneystad,us
1364,98968,44,male,beltranchester,us
1365,81617,55,male,south ambertown,us
1366,56443,56,female,new thomashaven,us
1367,90306,29,female,robinsonton,us
1368,49999,40,male,new amanda,us
1369,38502,35,female,new richardside,us
1370,17038,59,female,lucaston,us
1371,69182,31,female,new brianna,us
1372,88354,56,male,wrightview,us
1373,90408,44,female,west fernando,us
1374,36360,56,female,stevensonbury,us
1375,45488,19,female,jacobshire,us
1376,52722,51,female,north kristina,us
1377,35380,39,female,port christina,us
1378,37341,43,male,delacruzfort,us
1379,49508,22,male,lake codyport,us
1380,38631,21,male,north michaelmouth,us
1381,48042,59,male,travisview,us
1382,39166,32,male,amandaville,us
1383,92124,26,male,vanessastad,us
1384,25501,46,male,new thomas,us
1385,86851,22,female,roseview,us
1386,79977,32,male,lake derrick,us
1387,19974,44,female,north jonathan,us
1388,94630,25,female,lake william,us
1389,56652,48,male,hansenville,us
1390,75946,51,male,johnsonborough,us
1391,81177,59,female,smithchester,us
1392,87222,34,female,north tiffany,us
1393,54170,59,male,patelborough,us
1394,74661,36,female,thompsonshire,us
1395,86934,41,female,abigailfort,us
1396,57739,21,female,port nicoletown,us
1397,54635,59,male,stephenside,us
1398,45893,21,male,north stephanieburgh,us
1399,74724,26,female,danaberg,us
1400,30980,45,male,lake johnhaven,us
1401,99930,21,female,south benjamin,us
1402,77768,41,male,karenchester,us
1403,55834,53,female,north mary,us
1404,73638,54,male,new carolynshire,us
1405,71300,54,male,anthonyside,us
1406,72817,34,female,lake loriside,us
1407,49189,35,female,new kristinaton,us
1408,86791,56,female,port lance,us
1409,33877,45,male,lynnbury,us
1410,59668,22,male,courtneyside,us
1411,11778,22,male,sandrashire,us
1412,68503,45,male,south robert,us
1413,85404,35,female,russellfort,us
1414,34973,44,male,south brent,us
1415,35160,59,female,south melanieburgh,us
1416,23686,55,male,new jason,us
1417,24693,27,female,port ronniehaven,us
1418,12815,18,male,south ethan,us
1419,65169,45,female,williambury,us
1420,98549,29,female,brownville,us
1421,36101,22,male,north taraland,us
1422,91100,44,female,north sherriburgh,us
1423,43348,37,male,carpenterberg,us
1424,50525,29,male,maryshire,us
1425,90187,52,male,west joshua,us
1426,27138,25,male,martinborough,us
1427,41272,44,female,lake christine,us
1428,61606,49,female,grayshire,us
1429,33869,23,female,west coreyton,us
1430,66148,51,female,east jasonport,us
1431,20038,39,female,north barbara,us
1432,59626,26,male,wadeborough,us
1433,45966,37,female,lake michaelchester,us
1434,53428,22,female,lake antonioville,us
1435,87687,53,female,gonzalesmouth,us
1436,76021,47,female,west johnbury,us
1437,51453,32,female,karenfurt,us
1438,58073,19,female,east sharon,us
1439,34746,29,female,andresville,us
1440,16457,42,female,east laurieville,us
1441,80153,30,male,nelsonborough,us
1442,34486,38,female,hayesbury,us
1443,87062,24,male,port walterburgh,us
1444,26296,54,female,marthaburgh,us
1445,19539,18,male,jenniferchester,us
1446,49801,32,female,east shelly,us
1447,99880,60,female,lake jason,us
1448,43131,58,male,port danielberg,us
1449,81318,44,female,stephensonview,us
1450,27654,55,female,north katherinehaven,us
1451,42559,34,male,east shawn,us
1452,75142,27,female,garciastad,us
1453,65611,36,male,north robert,us
1454,84848,57,female,new jenna,us
1455,61146,28,female,jenniferside,us
1456,36021,47,female,west jeremy,us
1457,75494,30,female,port robertmouth,us
1458,15507,22,male,jamesburgh,us
1459,13733,28,female,margaretfort,us
1460,19587,46,female,blackburnport,us
1461,85131,31,male,east elizabeth,us
1462,72316,39,male,lake jennifermouth,us
1463,87317,39,female,shellytown,us
1464,90344,49,male,josephland,us
1465,87847,22,female,south nicoleton,us
1466,29576,53,male,north zoeport,us
1467,19692,27,female,port christopherbury,us
1468,87078,55,female,port marymouth,us
1469,53732,34,male,johnsonfort,us
1470,62973,58,female,melissatown,us
1471,41276,46,male,michaelmouth,us
1472,32369,58,female,leeton,us
1473,13827,44,male,oliviaside,us
1474,37991,19,female,edwardtown,us
1475,62685,56,male,johnton,us
1476,90260,21,female,lake shaun,us
1477,88016,24,female,port jeffrey,us
1478,90358,23,male,kennethfurt,us
1479,75768,44,female,new thomasview,us
1480,44578,53,female,port michaelport,us
1481,84097,58,male,jesusport,us
1482,53556,60,female,joshuafurt,us
1483,73597,54,male,lake chaseborough,us
1484,95121,46,male,lake tracie,us
1485,98967,46,male,west michelle,us
1486,95290,27,male,lucaschester,us
1487,37578,42,male,sweeneyville,us
1488,38432,30,female,collinsshire,us
1489,23807,38,female,north sarahbury,us
1490,82608,48,male,santosmouth,us
1491,75857,28,female,north timothyfort,us
1492,71187,33,female,west amyside,us
1493,72010,49,male,christineberg,us
1494,97106,35,female,lake brandon,us
1495,84271,51,female,east tamara,us
1496,39716,60,female,west danielmouth,us
1497,64560,52,female,douglasfurt,us
1498,69894,46,female,south eric,us
1499,14982,60,female,stevenmouth,us
1500,24894,18,male,jordanberg,us
1501,48980,56,male,east alexandriaview,us
1502,41172,24,male,south danielside,us
1503,73839,27,male,monicaport,us
1504,75968,20,female,north jamesstad,us
1505,80533,35,male,west linda,us
1506,40311,53,female,jameshaven,us
1507,17169,51,male,scottfurt,us
1508,45308,49,male,lake brianshire,us
1509,27361,30,male,new aaron,us
1510,26713,54,female,sandraburgh,us
1511,31037,57,male,casefort,us
1512,88086,32,male,michellebury,us
1513,98951,58,female,davidborough,us
1514,38918,29,female,east joshua,us
1515,72524,34,female,seanborough,us
1516,54982,57,female,east steven,us
1517,31410,22,female,port russell,us
1518,46324,21,male,west deborah,us
1519,70602,56,female,lake ryan,us
1520,68841,19,female,chandlerton,us
1521,43492,56,female,lake timothyton,us
1522,64071,22,male,north alexis,us
1523,43032,39,male,north lisa,us
1524,45751,54,male,tammyport,us
1525,61332,24,female,south richardmouth,us
1526,36948,22,female,east misty,us
1527,68119,20,male,edwardsmouth,us
1528,80110,49,male,port ashley,us
1529,47023,42,female,harveyville,us
1530,27897,57,male,tracibury,us
1531,95599,29,male,kaylachester,us
1532,85050,24,male,kaylastad,us
1533,74584,28,male,north dylanview,us
1534,46242,57,male,port rhonda,us
1535,31216,42,male,matthewhaven,us
1536,39060,53,male,new brandon,us
1537,77435,38,female,new tracy,us
1538,58879,37,female,south taylor,us
1539,36639,42,female,payneport,us
1540,39764,32,female,new jessicachester,us
1541,91410,50,male,leslieville,us
1542,29733,45,male,south amanda,us
1543,17701,28,female,lopezfort,us
1544,26971,55,female,east jacobton,us
1545,54632,37,female,kimberlyport,us
1546,53150,54,male,marcusport,us
1547,93295,25,male,clayfort,us
1548,91003,27,male,briannachester,us
1549,22342,27,female,lake allenside,us
1550,84100,29,female,leahbury,us
1551,13204,42,male,new dakotaport,us
1552,65845,19,female,cartermouth,us
1553,72550,30,male,port victoriaview,us
1554,53277,22,female,kramermouth,us
1555,17361,60,male,north traceymouth,us
1556,84678,43,male,lake brian,us
1557,49611,19,female,nicolebury,us
1558,95849,23,female,paulaborough,us
1559,37131,44,male,new seth,us
1560,59413,60,male,north joseph,us
1561,59222,56,male,erikaport,us
1562,93374,28,male,riveraborough,us
1563,92463,49,female,port katherinechester,us
1564,28991,34,female,charlesberg,us
1565,40307,18,female,south larry,us
1566,16065,22,male,riversmouth,us
1567,80677,39,male,lake warren,us
1568,60847,43,female,new melissabury,us
1569,69950,18,male,paynemouth,us
1570,82948,54,male,north margaret,us
1571,12744,36,female,cherylberg,us
1572,38733,59,female,lake lisa,us
1573,91239,25,female,boyerhaven,us
1574,32951,24,male,lake brent,us
1575,41638,51,male,new adamshire,us
1576,25098,37,female,lake blakebury,us
1577,30168,43,female,west richard,us
1578,63521,56,male,west bridgetmouth,us
1579,94397,38,female,martinezmouth,us
1580,16825,59,male,north kellyton,us
1581,32250,34,female,west stephanieport,us
1582,32488,47,female,douglasborough,us
1583,95243,50,female,north david,us
1584,30844,36,male,lawrencehaven,us
1585,69477,38,female,port aaron,us
1586,22295,35,female,south ericmouth,us
1587,84804,59,female,north williamview,us
1588,26832,27,female,markville,us
1589,61438,40,male,lake justinside,us
1590,49265,23,male,franklinfort,us
1591,50255,42,female,port andreberg,us
1592,26027,54,male,east johnville,us
1593,92315,23,male,lake james,us
1594,48705,27,male,phillipsmouth,us
1595,72683,46,male,lewistown,us
1596,38308,60,female,judithport,us
1597,38489,50,male,new ryanchester,us
1598,80887,33,male,jasonport,us
1599,21461,23,female,north mark,us
1600,16594,50,male,lake carl,us
1601,24409,46,female,lake brandonberg,us
1602,59426,58,male,anthonyville,us
1603,34989,23,male,port jesustown,us
1604,85062,24,male,bakerport,us
1605,88035,34,male,port william,us
1606,61556,38,female,danielville,us
1607,82190,35,female,south eric,us
1608,88920,37,female,west jeffview,us
1609,43807,58,female,washingtonbury,us
1610,45358,57,male,mcculloughport,us
1611,68215,29,male,new amy,us
1612,23877,43,male,myersville,us
1613,57699,24,female,lake michelle,us
1614,12596,55,female,north jenniferstad,us
1615,36332,22,male,west ryan,us
1616,15999,35,male,reynoldsport,us
1617,45810,24,female,ponceview,us
1618,60182,41,male,lake david,us
1619,19020,58,male,north lonnie,us
1620,89651,44,male,alyssachester,us
1621,36570,19,male,brownhaven,us
1622,60297,41,female,forbesfurt,us
1623,84744,42,male,mariashire,us
1624,24449,25,male,west george,us
1625,96187,44,female,scottshire,us
1626,20582,48,female,ryanchester,us
1627,90903,20,female,south jamieport,us
1628,36613,36,male,port catherinehaven,us
1629,50304,19,male,south judystad,us
1630,60097,58,male,jenniferfurt,us
1631,37555,19,male,sheritown,us
1632,17686,37,male,new williamchester,us
1633,24455,51,female,rogersbury,us
1634,54586,30,male,tanyastad,us
1635,58425,33,male,west matthew,us
1636,43367,31,male,yolandaview,us
1637,93508,35,female,nicolechester,us
1638,86646,56,male,walkerville,us
1639,40130,56,female,sethberg,us
1640,47308,42,male,west brandon,us
1641,41325,40,female,mathewville,us
1642,69149,56,female,west ericfort,us
1643,38358,50,female,west christopher,us
1644,44425,51,female,mcdonaldchester,us
1645,57634,32,female,north kim,us
1646,26507,35,female,nelsonside,us
1647,87588,59,female,meredithburgh,us
1648,71995,27,female,pollardbury,us
1649,59007,45,female,samanthamouth,us
1650,32907,55,male,jeffport,us
1651,60673,31,female,morganville,us
1652,97919,47,male,port melindabury,us
1653,31661,59,male,lopezstad,us
1654,44840,22,female,east kristinestad,us
1655,68234,46,female,donnashire,us
1656,50773,52,female,haroldtown,us
1657,85872,59,female,frankmouth,us
1658,68131,55,male,south emilyfort,us
1659,20787,23,female,south emilychester,us
1660,39518,41,female,davidfort,us
1661,68508,21,female,lake mirandastad,us
1662,64281,46,female,tylermouth,us
1663,51068,57,male,christopherville,us
1664,19953,54,male,lake roger,us
1665,18954,41,male,masseytown,us
1666,80941,56,female,east kathy,us
1667,96105,35,female,anthonymouth,us
1668,31846,37,female,ericfort,us
1669,61386,56,female,north michael,us
1670,69717,31,female,lake edwinton,us
1671,25016,42,male,larryview,us
1672,32811,34,male,south thomas,us
1673,83003,19,female,west cynthiafurt,us
1674,84654,49,male,west mikeside,us
1675,60060,21,male,kennethmouth,us
1676,39543,22,female,thomasbury,us
1677,12364,47,male,north matthewberg,us
1678,49125,45,male,north lisaville,us
1679,50395,27,female,shortberg,us
1680,66162,32,male,katieview,us
1681,64878,39,male,lanehaven,us
1682,50843,38,male,kimburgh,us
1683,97416,39,male,mitchellville,us
1684,83852,49,female,east john,us
1685,46888,53,female,danielville,us
1686,10561,47,female,north barbara,us
1687,51676,32,male,west carriefort,us
1688,66026,27,male,east jonathanborough,us
1689,40371,44,female,stephanieton,us
1690,10150,51,male,north jenny,us
1691,16508,39,female,davisborough,us
1692,76117,53,female,jenniferchester,us
1693,30950,22,male,lake wayne,us
1694,86235,49,male,south patrick,us
1695,17033,22,female,carrollfort,us
1696,29667,45,female,lynchhaven,us
1697,76563,60,female,east autumnburgh,us
1698,51434,58,male,new robert,us
1699,57270,56,female,alvaradoport,us
1700,37091,57,male,russellchester,us
1701,75622,52,male,lake steven,us
1702,11346,60,male,foxmouth,us
1703,54143,40,male,tonyashire,us
1704,47042,34,male,north margaretport,us
1705,34166,25,female,julieland,us
1706,22417,26,female,north kevin,us
1707,43571,45,female,new charleneton,us
1708,12476,45,male,lake jesus,us
1709,65695,36,female,lake kiara,us
1710,89790,38,female,charlesbury,us
1711,84251,23,male,port lindsaybury,us
1712,76680,49,male,hutchinsonmouth,us
1713,89076,33,male,johnville,us
1714,50053,28,female,blackwellton,us
1715,62803,56,male,south mandy,us
1716,69447,60,female,port karen,us
1717,60598,42,male,new kristihaven,us
1718,42417,48,male,anthonyberg,us
1719,21692,35,female,east jacquelineburgh,us
1720,60904,56,female,jamiechester,us
1721,36091,40,male,lake jesse,us
1722,90470,58,male,evansburgh,us
1723,46163,49,male,jaclynfurt,us
1724,59053,23,female,port john,us
1725,36086,60,male,sandovalberg,us
1726,63072,37,male,karenborough,us
1727,32096,33,male,west elizabethton,us
1728,48047,37,male,port tony,us
1729,94703,37,female,lake gabrielborough,us
1730,58429,53,female,cantubury,us
1731,79332,21,male,port henry,us
1732,98439,54,male,warrenberg,us
1733,12718,31,female,south davidborough,us
1734,98684,19,female,clarktown,us
1735,62855,39,male,west stevenmouth,us
1736,73392,24,female,south derrickberg,us
1737,90691,26,female,stephenton,us
1738,20972,40,male,new elizabeth,us
1739,10122,49,male,south kendraborough,us
1740,25124,52,male,jimmyfort,us
1741,82761,22,male,kelleybury,us
1742,61311,18,female,south toddtown,us
1743,67459,59,female,north james,us
1744,50483,39,female,north todd,us
1745,88393,43,female,myerstown,us
1746,18123,29,female,port coreyville,us
1747,19453,37,female,south manuel,us
1748,17237,39,female,millsmouth,us
1749,94551,53,female,lake priscillaview,us
1750,12571,22,female,brianton,us
1751,62858,37,female,adamshire,us
1752,55994,24,male,east katrina,us
1753,34310,41,male,port joshua,us
1754,67477,42,male,taylorview,us
1755,26217,30,male,east christopher,us
1756,68888,42,female,reedtown,us
1757,28860,58,female,west jacqueline,us
1758,15691,58,male,west melissashire,us
1759,14842,22,male,greenstad,us
1760,86149,36,female,lake desireefurt,us
1761,45441,54,female,richardfurt,us
1762,56166,29,female,jamesport,us
1763,96779,46,female,charlesborough,us
1764,16198,59,male,west michellestad,us
1765,30498,18,male,andradeport,us
1766,60227,29,female,port shelley,us
1767,13205,26,female,port andrea,us
1768,32713,45,female,wareport,us
1769,90350,31,female,andrewstad,us
1770,24303,58,female,gabriellehaven,us
1771,52864,24,female,lake julie,us
1772,76466,43,female,west andrew,us
1773,31781,52,male,jenniferborough,us
1774,91564,44,male,mauricefurt,us
1775,55167,21,male,salasmouth,us
1776,97045,26,male,sullivanbury,us
1777,94827,25,female,west meganmouth,us
1778,70215,42,male,new tony,us
1779,20915,56,male,jasonville,us
1780,45189,37,female,andreamouth,us
1781,76548,47,female,east michaelville,us
1782,88351,37,female,south elizabeth,us
1783,44666,41,female,north carolynstad,us
1784,80650,45,male,michelletown,us
1785,76532,31,male,new paulmouth,us
1786,97931,43,male,carterberg,us
1787,60555,33,female,east jeremyland,us
1788,22163,39,male,charlesberg,us
1789,66267,35,male,north jasonburgh,us
1790,35318,26,female,new micheal,us
1791,20262,20,male,lake sheila,us
1792,98467,47,female,kimberlyborough,us
1793,75583,22,female,west laura,us
1794,20349,46,female,port rebecca,us
1795,72856,33,male,north brittany,us
1796,10184,33,female,elizabethborough,us
1797,12342,20,female,normanhaven,us
1798,55272,59,female,south julia,us
1799,88061,43,female,kathleenhaven,us
1800,76598,22,female,south charles,us
1801,75387,35,male,thomaschester,us
1802,43398,47,male,lake susan,us
1803,95103,58,male,bakerton,us
1804,19346,22,male,port maxwellside,us
1805,73304,59,male,colonshire,us
1806,93444,47,male,deleonborough,us
1807,96670,50,male,west paulview,us
1808,55140,29,male,margaretmouth,us
1809,29653,43,female,lake michaelview,us
1810,56013,45,male,davilamouth,us
1811,86619,18,female,port peter,us
1812,47085,40,female,michaelburgh,us
1813,83935,24,male,north jamesland,us
1814,51204,24,female,west kristin,us
1815,32060,60,male,garrettside,us
1816,78415,51,male,lopezberg,us
1817,72028,34,male,grantstad,us
1818,99687,42,male,east frankmouth,us
1819,59658,36,male,sandershaven,us
1820,62856,28,female,new sarahberg,us
1821,30942,45,male,danaburgh,us
1822,86381,41,female,port steven,us
1823,23091,30,male,madelinebury,us
1824,80514,52,female,floresshire,us
1825,78276,41,male,rosefurt,us
1826,59173,54,female,martinshire,us
1827,96296,57,female,paulville,us
1828,26497,44,male,washingtonburgh,us
1829,38084,42,female,lake daniel,us
1830,92661,22,male,davidshire,us
1831,33901,18,male,walkerside,us
1832,63497,27,female,waltersburgh,us
1833,15863,18,male,kellyville,us
1834,12790,26,male,hillton,us
1835,42910,48,male,williamsside,us
1836,85987,18,female,dianafort,us
1837,65458,26,female,christyland,us
1838,21488,28,male,east jason,us
1839,94069,60,male,vickiside,us
1840,32922,50,male,perezhaven,us
1841,21569,35,male,port michaelburgh,us
1842,50403,59,female,wellsberg,us
1843,97830,48,male,lindsayville,us
1844,50103,34,female,south tracey,us
1845,65042,60,male,harrisonshire,us
1846,32238,18,male,west paula,us
1847,91107,49,female,new richard,us
1848,53716,60,female,meganside,us
1849,63413,34,female,south nancy,us
1850,95423,52,female,patricktown,us
1851,78392,27,female,walkertown,us
1852,96548,36,female,port rhondatown,us
1853,18083,58,male,new mark,us
1854,55965,54,female,new kelseyshire,us
1855,46732,49,female,east brianland,us
1856,82203,42,female,nancyshire,us
1857,45200,51,female,west kristen,us
1858,86111,24,male,new adam,us
1859,81520,30,male,ronaldfurt,us
1860,70663,54,male,new adamview,us
1861,24901,46,male,charlesmouth,us
1862,79160,59,female,escobarville,us
1863,80015,46,female,east robertfurt,us
1864,55240,50,female,north judyburgh,us
1865,56407,34,male,port tamara,us
1866,69932,53,male,tamarafort,us
1867,95543,34,male,kimberlyville,us
1868,57621,35,female,south benjamin,us
1869,70006,31,male,adamsborough,us
1870,10927,37,female,johnhaven,us
1871,25138,50,male,port veronica,us
1872,50360,19,male,north robert,us
1873,90603,45,male,christinaburgh,us
1874,85873,47,female,phillipsside,us
1875,96570,24,female,melvinmouth,us
1876,59263,39,female,ballville,us
1877,59496,54,male,north hayley,us
1878,37329,20,female,barrettmouth,us
1879,76552,59,female,new kaitlin,us
1880,74361,29,female,rubioville,us
1881,27513,50,female,lake joseph,us
1882,51553,56,female,port yolanda,us
1883,15493,20,female,martinmouth,us
1884,15281,30,female,taylorport,us
1885,61152,41,female,boydchester,us
1886,71492,37,male,johnchester,us
1887,48482,45,female,forbesshire,us
1888,87583,38,female,haysmouth,us
1889,55883,20,female,west kyle,us
1890,70405,42,female,new nicole,us
1891,50259,44,male,south donaldville,us
1892,31550,29,female,sheilafort,us
1893,85846,41,female,new saraburgh,us
1894,98616,32,male,schultzview,us
1895,11217,45,female,aaronmouth,us
1896,53096,51,female,lake jamesside,us
1897,60123,21,female,south jenniferport,us
1898,42225,37,male,port angela,us
1899,55372,60,female,lake mary,us
1900,95920,48,male,nicholsonburgh,us
1901,67285,44,male,west johnland,us
1902,10300,20,female,phillipsstad,us
1903,15326,19,female,gillton,us
1904,91224,45,male,east cathyberg,us
1905,21286,48,female,port william,us
1906,61834,56,male,hortonville,us
1907,23194,48,male,west christopher,us
1908,33514,21,male,new laura,us
1909,73680,49,female,south annettebury,us
1910,76721,42,male,priscillahaven,us
1911,60048,40,female,rodrigueztown,us
1912,95426,18,female,russostad,us
1913,48590,44,female,port brandonburgh,us
1914,22953,19,male,west april,us
1915,14555,58,male,amybury,us
1916,85030,58,male,west christopher,us
1917,98540,39,male,north coreymouth,us
1918,75517,48,female,fullerfurt,us
1919,75221,48,female,michaelton,us
1920,27295,47,male,davismouth,us
1921,27896,60,female,petersonmouth,us
1922,63369,22,female,west steven,us
1923,70960,33,female,west beverly,us
1924,11698,33,male,port lisa,us
1925,42285,30,female,new gregorymouth,us
1926,98389,33,female,veronicaville,us
1927,10606,30,female,leonton,us
1928,12064,22,female,lake deanna,us
1929,16843,49,male,taylorchester,us
1930,29253,50,female,east fredtown,us
1931,37348,19,female,east amandatown,us
1932,36104,59,female,deleonside,us
1933,96600,20,female,bensontown,us
1934,70542,57,female,nelsontown,us
1935,67585,23,male,south michelle,us
1936,19723,47,male,south anthony,us
1937,60650,55,male,port graceburgh,us
1938,60449,60,male,collinschester,us
1939,82329,36,female,reneehaven,us
1940,25779,28,female,robersonland,us
1941,55861,22,male,port amberport,us
1942,61135,54,male,waltersstad,us
1943,72477,29,female,north rebecca,us
1944,40116,23,female,west susan,us
1945,43236,49,male,kimport,us
1946,26605,22,female,east derekfort,us
1947,83700,49,male,princefort,us
1948,17171,29,female,harrelltown,us
1949,90906,41,female,lake meganshire,us
1950,20116,34,female,east roger,us
1951,96440,23,male,kristenberg,us
1952,93311,33,male,west terri,us
1953,84882,39,male,carterberg,us
1954,43432,32,female,new jennifer,us
1955,37055,52,male,port erica,us
1956,76567,23,female,port joshua,us
1957,57191,60,female,west rose,us
1958,38698,23,female,new carrieland,us
1959,74629,20,male,amberborough,us
1960,13981,51,female,nicholasmouth,us
1961,82770,22,female,ronaldview,us
1962,46655,27,female,melaniemouth,us
1963,85642,51,male,adamtown,us
1964,57890,19,female,south meganstad,us
1965,75332,52,male,warnerside,us
1966,30452,38,female,north ralph,us
1967,42119,49,male,port donaldborough,us
1968,49635,58,female,stevenview,us
1969,39656,36,male,bryanberg,us
1970,39978,42,male,tammymouth,us
1971,96411,59,female,south darryl,us
1972,75255,45,female,jamesfurt,us
1973,63658,35,female,south bruceland,us
1974,70777,18,male,lake emily,us
1975,12833,59,female,south william,us
1976,70207,45,female,sampsonton,us
1977,27113,18,female,port jeffrey,us
1978,19628,53,female,north amandatown,us
1979,81464,33,male,elizabethstad,us
1980,15934,30,female,south amy,us
1981,36190,18,female,kylebury,us
1982,73564,33,female,port john,us
1983,55059,34,female,north marymouth,us
1984,51529,41,female,williamshaven,us
1985,12067,33,female,new charles,us
1986,73992,36,female,north jeffrey,us
1987,11430,56,female,port bradley,us
1988,32097,46,female,zamorafort,us
1989,22539,44,female,erikachester,us
1990,94913,27,female,wolfbury,us
1991,42415,57,female,west jessicafort,us
1992,61384,57,female,west stephanie,us
1993,48366,30,female,adambury,us
1994,40258,58,female,smithfurt,us
1995,52252,21,female,south alejandrostad,us
1996,69123,23,female,williamsshire,us
1997,98713,42,male,jamesside,us
1998,43210,45,male,williamville,us
1999,63475,27,male,riceland,us
